file,row,predicted_alarm,predicted_alarm_label
FOC_20190801_06,0,0,Normal
FOC_20190801_06,1,0,Normal
FOC_20190801_06,2,0,Normal
FOC_20190801_06,3,0,Normal
FOC_20190801_06,4,0,Normal
FOC_20190801_06,5,0,Normal
FOC_20190801_06,6,0,Normal
FOC_20190801_06,7,0,Normal
FOC_20190801_06,8,0,Normal
FOC_20190801_06,9,0,Normal
FOC_20190801_06,10,0,Normal
FOC_20190801_06,11,0,Normal
FOC_20190801_06,12,0,Normal
FOC_20190801_06,13,0,Normal
FOC_20190801_06,14,0,Normal
FOC_20190801_06,15,0,Normal
FOC_20190801_06,16,0,Normal
FOC_20190801_06,17,0,Normal
FOC_20190801_06,18,0,Normal
FOC_20190801_06,19,0,Normal
FOC_20190801_06,20,0,Normal
FOC_20190801_06,21,0,Normal
FOC_20190801_06,22,0,Normal
FOC_20190801_06,23,0,Normal
FOC_20190801_06,24,0,Normal
FOC_20190801_06,25,0,Normal
FOC_20190801_06,26,0,Normal
FOC_20190801_06,27,0,Normal
FOC_20190801_06,28,0,Normal
FOC_20190801_06,29,0,Normal
FOC_20190801_06,30,0,Normal
FOC_20190801_06,31,0,Normal
FOC_20190801_06,32,0,Normal
FOC_20190801_06,33,0,Normal
FOC_20190801_06,34,0,Normal
FOC_20190801_06,35,0,Normal
FOC_20190801_06,36,0,Normal
FOC_20190801_06,37,0,Normal
FOC_20190801_06,38,0,Normal
FOC_20190801_06,39,0,Normal
FOC_20190801_06,40,0,Normal
FOC_20190801_06,41,0,Normal
FOC_20190801_06,42,0,Normal
FOC_20190801_06,43,0,Normal
FOC_20190801_06,44,0,Normal
FOC_20190801_06,45,0,Normal
FOC_20190801_06,46,0,Normal
FOC_20190801_06,47,0,Normal
FOC_20190801_06,48,0,Normal
FOC_20190801_06,49,0,Normal
FOC_20190801_06,50,0,Normal
FOC_20190801_06,51,0,Normal
FOC_20190801_06,52,0,Normal
FOC_20190801_06,53,0,Normal
FOC_20190801_06,54,0,Normal
FOC_20190801_06,55,0,Normal
FOC_20190801_06,56,0,Normal
FOC_20190801_06,57,0,Normal
FOC_20190801_06,58,0,Normal
FOC_20190801_06,59,0,Normal
FOC_20190801_06,60,0,Normal
FOC_20190801_06,61,0,Normal
FOC_20190801_06,62,0,Normal
FOC_20190801_06,63,0,Normal
FOC_20190801_06,64,0,Normal
FOC_20190801_06,65,0,Normal
FOC_20190801_06,66,0,Normal
FOC_20190801_06,67,0,Normal
FOC_20190801_06,68,0,Normal
FOC_20190801_06,69,0,Normal
FOC_20190801_06,70,0,Normal
FOC_20190801_06,71,0,Normal
FOC_20190801_06,72,0,Normal
FOC_20190801_06,73,0,Normal
FOC_20190801_06,74,0,Normal
FOC_20190801_06,75,0,Normal
FOC_20190801_06,76,0,Normal
FOC_20190801_06,77,0,Normal
FOC_20190801_06,78,0,Normal
FOC_20190801_06,79,0,Normal
FOC_20190801_06,80,0,Normal
FOC_20190801_06,81,0,Normal
FOC_20190801_06,82,0,Normal
FOC_20190801_06,83,0,Normal
FOC_20190801_06,84,0,Normal
FOC_20190801_06,85,0,Normal
FOC_20190801_06,86,0,Normal
FOC_20190801_06,87,0,Normal
FOC_20190801_06,88,0,Normal
FOC_20190801_06,89,0,Normal
FOC_20190801_06,90,0,Normal
FOC_20190801_06,91,0,Normal
FOC_20190801_06,92,0,Normal
FOC_20190801_06,93,0,Normal
FOC_20190801_06,94,0,Normal
FOC_20190801_06,95,0,Normal
FOC_20190801_06,96,0,Normal
FOC_20190801_06,97,0,Normal
FOC_20190801_06,98,0,Normal
FOC_20190801_06,99,0,Normal
FOC_20190801_06,100,0,Normal
FOC_20190801_06,101,0,Normal
FOC_20190801_06,102,0,Normal
FOC_20190801_06,103,0,Normal
FOC_20190801_06,104,0,Normal
FOC_20190801_06,105,0,Normal
FOC_20190801_06,106,0,Normal
FOC_20190801_06,107,0,Normal
FOC_20190801_06,108,0,Normal
FOC_20190801_06,109,0,Normal
FOC_20190801_06,110,0,Normal
FOC_20190801_06,111,0,Normal
FOC_20190801_06,112,0,Normal
FOC_20190801_06,113,0,Normal
FOC_20190801_06,114,0,Normal
FOC_20190801_06,115,0,Normal
FOC_20190801_06,116,0,Normal
FOC_20190801_06,117,0,Normal
FOC_20190801_06,118,0,Normal
FOC_20190801_06,119,0,Normal
FOC_20190801_06,120,0,Normal
FOC_20190801_06,121,0,Normal
FOC_20190801_06,122,0,Normal
FOC_20190801_06,123,0,Normal
FOC_20190801_06,124,0,Normal
FOC_20190801_06,125,0,Normal
FOC_20190801_06,126,0,Normal
FOC_20190801_06,127,0,Normal
FOC_20190801_06,128,0,Normal
FOC_20190801_06,129,0,Normal
FOC_20190801_06,130,0,Normal
FOC_20190801_06,131,0,Normal
FOC_20190801_06,132,0,Normal
FOC_20190801_06,133,0,Normal
FOC_20190801_06,134,0,Normal
FOC_20190801_06,135,0,Normal
FOC_20190801_06,136,0,Normal
FOC_20190801_06,137,0,Normal
FOC_20190801_06,138,0,Normal
FOC_20190801_06,139,0,Normal
FOC_20190801_06,140,0,Normal
FOC_20190801_06,141,0,Normal
FOC_20190801_06,142,0,Normal
FOC_20190801_06,143,0,Normal
FOC_20190801_06,144,0,Normal
FOC_20190801_06,145,0,Normal
FOC_20190801_06,146,0,Normal
FOC_20190801_06,147,0,Normal
FOC_20190801_06,148,0,Normal
FOC_20190801_06,149,0,Normal
FOC_20190801_06,150,0,Normal
FOC_20190801_06,151,0,Normal
FOC_20190801_06,152,0,Normal
FOC_20190801_06,153,0,Normal
FOC_20190801_06,154,0,Normal
FOC_20190801_06,155,0,Normal
FOC_20190801_06,156,0,Normal
FOC_20190801_06,157,0,Normal
FOC_20190801_06,158,0,Normal
FOC_20190801_06,159,0,Normal
FOC_20190801_06,160,0,Normal
FOC_20190801_06,161,0,Normal
FOC_20190801_06,162,0,Normal
FOC_20190801_06,163,0,Normal
FOC_20190801_06,164,0,Normal
FOC_20190801_06,165,0,Normal
FOC_20190801_06,166,0,Normal
FOC_20190801_06,167,0,Normal
FOC_20190801_06,168,0,Normal
FOC_20190801_06,169,0,Normal
FOC_20190801_06,170,0,Normal
FOC_20190801_06,171,0,Normal
FOC_20190801_06,172,0,Normal
FOC_20190801_06,173,0,Normal
FOC_20190801_06,174,0,Normal
FOC_20190801_06,175,0,Normal
FOC_20190801_06,176,0,Normal
FOC_20190801_06,177,0,Normal
FOC_20190801_06,178,0,Normal
FOC_20190801_06,179,0,Normal
FOC_20190801_06,180,0,Normal
FOC_20190801_06,181,0,Normal
FOC_20190801_06,182,0,Normal
FOC_20190801_06,183,0,Normal
FOC_20190801_06,184,0,Normal
FOC_20190801_06,185,0,Normal
FOC_20190801_06,186,0,Normal
FOC_20190801_06,187,0,Normal
FOC_20190801_06,188,0,Normal
FOC_20190801_06,189,0,Normal
FOC_20190801_06,190,0,Normal
FOC_20190801_06,191,0,Normal
FOC_20190801_06,192,0,Normal
FOC_20190801_06,193,0,Normal
FOC_20190801_06,194,0,Normal
FOC_20190801_06,195,0,Normal
FOC_20190801_06,196,0,Normal
FOC_20190801_06,197,0,Normal
FOC_20190801_06,198,0,Normal
FOC_20190801_06,199,0,Normal
FOC_20190801_06,200,0,Normal
FOC_20190801_06,201,0,Normal
FOC_20190801_06,202,0,Normal
FOC_20190801_06,203,0,Normal
FOC_20190801_06,204,0,Normal
FOC_20190801_06,205,0,Normal
FOC_20190801_06,206,0,Normal
FOC_20190801_06,207,0,Normal
FOC_20190801_06,208,0,Normal
FOC_20190801_06,209,0,Normal
FOC_20190801_06,210,0,Normal
FOC_20190801_06,211,0,Normal
FOC_20190801_06,212,0,Normal
FOC_20190801_06,213,0,Normal
FOC_20190801_06,214,0,Normal
FOC_20190801_06,215,0,Normal
FOC_20190801_06,216,0,Normal
FOC_20190801_06,217,0,Normal
FOC_20190801_06,218,0,Normal
FOC_20190801_06,219,0,Normal
FOC_20190801_06,220,0,Normal
FOC_20190801_06,221,0,Normal
FOC_20190801_06,222,0,Normal
FOC_20190801_06,223,0,Normal
FOC_20190801_06,224,0,Normal
FOC_20190801_06,225,0,Normal
FOC_20190801_06,226,0,Normal
FOC_20190801_06,227,0,Normal
FOC_20190801_06,228,0,Normal
FOC_20190801_06,229,0,Normal
FOC_20190801_06,230,0,Normal
FOC_20190801_06,231,0,Normal
FOC_20190801_06,232,0,Normal
FOC_20190801_06,233,0,Normal
FOC_20190801_06,234,0,Normal
FOC_20190801_06,235,0,Normal
FOC_20190801_06,236,0,Normal
FOC_20190801_06,237,0,Normal
FOC_20190801_06,238,0,Normal
FOC_20190801_06,239,0,Normal
FOC_20190801_06,240,0,Normal
FOC_20190801_06,241,0,Normal
FOC_20190801_06,242,0,Normal
FOC_20190801_06,243,0,Normal
FOC_20190801_06,244,0,Normal
FOC_20190801_06,245,0,Normal
FOC_20190801_06,246,0,Normal
FOC_20190801_06,247,0,Normal
FOC_20190801_06,248,0,Normal
FOC_20190801_06,249,0,Normal
FOC_20190801_06,250,0,Normal
FOC_20190801_06,251,0,Normal
FOC_20190801_06,252,0,Normal
FOC_20190801_06,253,0,Normal
FOC_20190801_06,254,0,Normal
FOC_20190801_06,255,0,Normal
FOC_20190801_06,256,0,Normal
FOC_20190801_06,257,0,Normal
FOC_20190801_06,258,0,Normal
FOC_20190801_06,259,0,Normal
FOC_20190801_06,260,0,Normal
FOC_20190801_06,261,0,Normal
FOC_20190801_06,262,0,Normal
FOC_20190801_06,263,0,Normal
FOC_20190801_06,264,0,Normal
FOC_20190801_06,265,0,Normal
FOC_20190801_06,266,0,Normal
FOC_20190801_06,267,0,Normal
FOC_20190801_06,268,0,Normal
FOC_20190801_06,269,0,Normal
FOC_20190801_06,270,0,Normal
FOC_20190801_06,271,0,Normal
FOC_20190801_06,272,0,Normal
FOC_20190801_06,273,0,Normal
FOC_20190801_06,274,0,Normal
FOC_20190801_06,275,0,Normal
FOC_20190801_06,276,0,Normal
FOC_20190801_06,277,0,Normal
FOC_20190801_06,278,0,Normal
FOC_20190801_06,279,0,Normal
FOC_20190801_06,280,0,Normal
FOC_20190801_06,281,0,Normal
FOC_20190801_06,282,0,Normal
FOC_20190801_06,283,0,Normal
FOC_20190801_06,284,0,Normal
FOC_20190801_06,285,0,Normal
FOC_20190801_06,286,0,Normal
FOC_20190801_06,287,0,Normal
FOC_20190801_06,288,0,Normal
FOC_20190801_06,289,0,Normal
FOC_20190801_06,290,0,Normal
FOC_20190801_06,291,0,Normal
FOC_20190801_06,292,0,Normal
FOC_20190801_06,293,0,Normal
FOC_20190801_06,294,0,Normal
FOC_20190801_06,295,0,Normal
FOC_20190801_06,296,0,Normal
FOC_20190801_06,297,0,Normal
FOC_20190801_06,298,0,Normal
FOC_20190801_06,299,0,Normal
FOC_20190801_06,300,0,Normal
FOC_20190801_06,301,0,Normal
FOC_20190801_06,302,0,Normal
FOC_20190801_06,303,0,Normal
FOC_20190801_06,304,0,Normal
FOC_20190801_06,305,0,Normal
FOC_20190801_06,306,0,Normal
FOC_20190801_06,307,0,Normal
FOC_20190801_06,308,0,Normal
FOC_20190801_06,309,0,Normal
FOC_20190801_06,310,0,Normal
FOC_20190801_06,311,0,Normal
FOC_20190801_06,312,0,Normal
FOC_20190801_06,313,0,Normal
FOC_20190801_06,314,0,Normal
FOC_20190801_06,315,0,Normal
FOC_20190801_06,316,0,Normal
FOC_20190801_06,317,0,Normal
FOC_20190801_06,318,0,Normal
FOC_20190801_06,319,0,Normal
FOC_20190801_06,320,0,Normal
FOC_20190801_06,321,0,Normal
FOC_20190801_06,322,0,Normal
FOC_20190801_06,323,0,Normal
FOC_20190801_06,324,0,Normal
FOC_20190801_06,325,0,Normal
FOC_20190801_06,326,0,Normal
FOC_20190801_06,327,0,Normal
FOC_20190801_06,328,0,Normal
FOC_20190801_06,329,0,Normal
FOC_20190801_06,330,0,Normal
FOC_20190801_06,331,0,Normal
FOC_20190801_06,332,0,Normal
FOC_20190801_06,333,0,Normal
FOC_20190801_06,334,0,Normal
FOC_20190801_06,335,0,Normal
FOC_20190801_06,336,0,Normal
FOC_20190801_06,337,0,Normal
FOC_20190801_06,338,0,Normal
FOC_20190801_06,339,0,Normal
FOC_20190801_06,340,0,Normal
FOC_20190801_06,341,0,Normal
FOC_20190801_06,342,0,Normal
FOC_20190801_06,343,0,Normal
FOC_20190801_06,344,0,Normal
FOC_20190801_06,345,0,Normal
FOC_20190801_06,346,0,Normal
FOC_20190801_06,347,0,Normal
FOC_20190801_06,348,0,Normal
FOC_20190801_06,349,0,Normal
FOC_20190801_06,350,0,Normal
FOC_20190801_06,351,0,Normal
FOC_20190801_06,352,0,Normal
FOC_20190801_06,353,0,Normal
FOC_20190801_06,354,0,Normal
FOC_20190801_06,355,0,Normal
FOC_20190801_06,356,0,Normal
FOC_20190801_06,357,0,Normal
FOC_20190801_06,358,0,Normal
FOC_20190801_06,359,0,Normal
FOC_20190801_06,360,0,Normal
FOC_20190801_06,361,0,Normal
FOC_20190801_06,362,0,Normal
FOC_20190801_06,363,0,Normal
FOC_20190801_06,364,0,Normal
FOC_20190801_06,365,0,Normal
FOC_20190801_06,366,0,Normal
FOC_20190801_06,367,0,Normal
FOC_20190801_06,368,0,Normal
FOC_20190801_06,369,0,Normal
FOC_20190801_06,370,0,Normal
FOC_20190801_06,371,0,Normal
FOC_20190801_06,372,0,Normal
FOC_20190801_06,373,0,Normal
FOC_20190801_06,374,0,Normal
FOC_20190801_06,375,0,Normal
FOC_20190801_06,376,0,Normal
FOC_20190801_06,377,0,Normal
FOC_20190801_06,378,0,Normal
FOC_20190801_06,379,0,Normal
FOC_20190801_06,380,0,Normal
FOC_20190801_06,381,0,Normal
FOC_20190801_06,382,0,Normal
FOC_20190801_06,383,0,Normal
FOC_20190801_06,384,0,Normal
FOC_20190801_06,385,0,Normal
FOC_20190801_06,386,0,Normal
FOC_20190801_06,387,0,Normal
FOC_20190801_06,388,0,Normal
FOC_20190801_06,389,0,Normal
FOC_20190801_06,390,0,Normal
FOC_20190801_06,391,0,Normal
FOC_20190801_06,392,0,Normal
FOC_20190801_06,393,0,Normal
FOC_20190801_06,394,0,Normal
FOC_20190801_06,395,0,Normal
FOC_20190801_06,396,0,Normal
FOC_20190801_06,397,0,Normal
FOC_20190801_06,398,0,Normal
FOC_20190801_06,399,0,Normal
FOC_20190801_06,400,0,Normal
FOC_20190801_06,401,0,Normal
FOC_20190801_06,402,0,Normal
FOC_20190801_06,403,0,Normal
FOC_20190801_06,404,0,Normal
FOC_20190801_06,405,0,Normal
FOC_20190801_06,406,0,Normal
FOC_20190801_06,407,0,Normal
FOC_20190801_06,408,0,Normal
FOC_20190801_06,409,0,Normal
FOC_20190801_06,410,0,Normal
FOC_20190801_06,411,0,Normal
FOC_20190801_06,412,0,Normal
FOC_20190801_06,413,0,Normal
FOC_20190801_06,414,0,Normal
FOC_20190801_06,415,0,Normal
FOC_20190801_06,416,0,Normal
FOC_20190801_06,417,0,Normal
FOC_20190801_06,418,0,Normal
FOC_20190801_06,419,0,Normal
FOC_20190801_06,420,0,Normal
FOC_20190801_06,421,0,Normal
FOC_20190801_06,422,0,Normal
FOC_20190801_06,423,0,Normal
FOC_20190801_06,424,0,Normal
FOC_20190801_06,425,0,Normal
FOC_20190801_06,426,0,Normal
FOC_20190801_06,427,0,Normal
FOC_20190801_06,428,0,Normal
FOC_20190801_06,429,0,Normal
FOC_20190801_06,430,0,Normal
FOC_20190801_06,431,0,Normal
FOC_20190801_06,432,0,Normal
FOC_20190801_06,433,0,Normal
FOC_20190801_06,434,0,Normal
FOC_20190801_06,435,0,Normal
FOC_20190801_06,436,0,Normal
FOC_20190801_06,437,0,Normal
FOC_20190801_06,438,0,Normal
FOC_20190801_06,439,0,Normal
FOC_20190801_06,440,0,Normal
FOC_20190801_06,441,0,Normal
FOC_20190801_06,442,0,Normal
FOC_20190801_06,443,0,Normal
FOC_20190801_06,444,0,Normal
FOC_20190801_06,445,0,Normal
FOC_20190801_06,446,0,Normal
FOC_20190801_06,447,0,Normal
FOC_20190801_06,448,0,Normal
FOC_20190801_06,449,0,Normal
FOC_20190801_06,450,0,Normal
FOC_20190801_06,451,0,Normal
FOC_20190801_06,452,0,Normal
FOC_20190801_06,453,0,Normal
FOC_20190801_06,454,0,Normal
FOC_20190801_06,455,0,Normal
FOC_20190801_06,456,0,Normal
FOC_20190801_06,457,0,Normal
FOC_20190801_06,458,0,Normal
FOC_20190801_06,459,0,Normal
FOC_20190801_06,460,0,Normal
FOC_20190801_06,461,0,Normal
FOC_20190801_06,462,0,Normal
FOC_20190801_06,463,0,Normal
FOC_20190801_06,464,0,Normal
FOC_20190801_06,465,0,Normal
FOC_20190801_06,466,0,Normal
FOC_20190801_06,467,0,Normal
FOC_20190801_06,468,0,Normal
FOC_20190801_06,469,0,Normal
FOC_20190801_06,470,0,Normal
FOC_20190801_06,471,0,Normal
FOC_20190801_06,472,0,Normal
FOC_20190801_06,473,0,Normal
FOC_20190801_06,474,0,Normal
FOC_20190801_06,475,0,Normal
FOC_20190801_06,476,0,Normal
FOC_20190801_06,477,0,Normal
FOC_20190801_06,478,0,Normal
FOC_20190801_06,479,0,Normal
FOC_20190801_06,480,0,Normal
FOC_20190801_06,481,0,Normal
FOC_20190801_06,482,0,Normal
FOC_20190801_06,483,0,Normal
FOC_20190801_06,484,0,Normal
FOC_20190801_06,485,0,Normal
FOC_20190801_06,486,0,Normal
FOC_20190801_06,487,0,Normal
FOC_20190801_06,488,0,Normal
FOC_20190801_06,489,0,Normal
FOC_20190801_06,490,0,Normal
FOC_20190801_06,491,0,Normal
FOC_20190801_06,492,0,Normal
FOC_20190801_06,493,0,Normal
FOC_20190801_06,494,0,Normal
FOC_20190801_06,495,0,Normal
FOC_20190801_06,496,0,Normal
FOC_20190801_06,497,0,Normal
FOC_20190801_06,498,0,Normal
FOC_20190801_06,499,0,Normal
FOC_20190801_06,500,0,Normal
FOC_20190801_06,501,0,Normal
FOC_20190801_06,502,0,Normal
FOC_20190801_06,503,0,Normal
FOC_20190801_06,504,0,Normal
FOC_20190801_06,505,0,Normal
FOC_20190801_06,506,0,Normal
FOC_20190801_06,507,0,Normal
FOC_20190801_06,508,0,Normal
FOC_20190801_06,509,0,Normal
FOC_20190801_06,510,0,Normal
FOC_20190801_06,511,0,Normal
FOC_20190801_06,512,0,Normal
FOC_20190801_06,513,0,Normal
FOC_20190801_06,514,0,Normal
FOC_20190801_06,515,0,Normal
FOC_20190801_06,516,0,Normal
FOC_20190801_06,517,0,Normal
FOC_20190801_06,518,0,Normal
FOC_20190801_06,519,0,Normal
FOC_20190801_06,520,0,Normal
FOC_20190801_06,521,0,Normal
FOC_20190801_06,522,0,Normal
FOC_20190801_06,523,0,Normal
FOC_20190801_06,524,0,Normal
FOC_20190801_06,525,0,Normal
FOC_20190801_06,526,0,Normal
FOC_20190801_06,527,0,Normal
FOC_20190801_06,528,0,Normal
FOC_20190801_06,529,0,Normal
FOC_20190801_06,530,0,Normal
FOC_20190801_06,531,0,Normal
FOC_20190801_06,532,0,Normal
FOC_20190801_06,533,0,Normal
FOC_20190801_06,534,0,Normal
FOC_20190801_06,535,0,Normal
FOC_20190801_06,536,0,Normal
FOC_20190801_06,537,0,Normal
FOC_20190801_06,538,0,Normal
FOC_20190801_06,539,0,Normal
FOC_20190801_06,540,0,Normal
FOC_20190801_06,541,0,Normal
FOC_20190801_06,542,0,Normal
FOC_20190801_06,543,0,Normal
FOC_20190801_06,544,0,Normal
FOC_20190801_06,545,0,Normal
FOC_20190801_06,546,0,Normal
FOC_20190801_06,547,0,Normal
FOC_20190801_06,548,0,Normal
FOC_20190801_06,549,0,Normal
FOC_20190801_06,550,0,Normal
FOC_20190801_06,551,0,Normal
FOC_20190801_06,552,0,Normal
FOC_20190801_06,553,0,Normal
FOC_20190801_06,554,0,Normal
FOC_20190801_06,555,0,Normal
FOC_20190801_06,556,0,Normal
FOC_20190801_06,557,0,Normal
FOC_20190801_06,558,0,Normal
FOC_20190801_06,559,0,Normal
FOC_20190801_06,560,0,Normal
FOC_20190801_06,561,0,Normal
FOC_20190801_06,562,0,Normal
FOC_20190801_06,563,0,Normal
FOC_20190801_06,564,0,Normal
FOC_20190801_06,565,0,Normal
FOC_20190801_06,566,0,Normal
FOC_20190801_06,567,0,Normal
FOC_20190801_06,568,0,Normal
FOC_20190801_06,569,0,Normal
FOC_20190801_06,570,0,Normal
FOC_20190801_06,571,0,Normal
FOC_20190801_06,572,0,Normal
FOC_20190801_06,573,0,Normal
FOC_20190801_06,574,0,Normal
FOC_20190801_06,575,0,Normal
FOC_20190801_06,576,0,Normal
FOC_20190801_06,577,0,Normal
FOC_20190801_06,578,0,Normal
FOC_20190801_06,579,0,Normal
FOC_20190801_06,580,0,Normal
FOC_20190801_06,581,0,Normal
FOC_20190801_06,582,0,Normal
FOC_20190801_06,583,0,Normal
FOC_20190801_06,584,0,Normal
FOC_20190801_06,585,0,Normal
FOC_20190801_06,586,0,Normal
FOC_20190801_06,587,0,Normal
FOC_20190801_06,588,0,Normal
FOC_20190801_06,589,0,Normal
FOC_20190801_06,590,0,Normal
FOC_20190801_06,591,0,Normal
FOC_20190801_06,592,0,Normal
FOC_20190801_06,593,0,Normal
FOC_20190801_06,594,0,Normal
FOC_20190801_06,595,0,Normal
FOC_20190801_06,596,0,Normal
FOC_20190801_06,597,0,Normal
FOC_20190801_06,598,0,Normal
FOC_20190801_06,599,0,Normal
FOC_20190801_06,600,0,Normal
FOC_20190801_06,601,0,Normal
FOC_20190801_06,602,0,Normal
FOC_20190801_06,603,0,Normal
FOC_20190801_06,604,0,Normal
FOC_20190801_06,605,0,Normal
FOC_20190801_06,606,0,Normal
FOC_20190801_06,607,0,Normal
FOC_20190801_06,608,0,Normal
FOC_20190801_06,609,0,Normal
FOC_20190801_06,610,0,Normal
FOC_20190801_06,611,0,Normal
FOC_20190801_06,612,0,Normal
FOC_20190801_06,613,0,Normal
FOC_20190801_06,614,0,Normal
FOC_20190801_06,615,0,Normal
FOC_20190801_06,616,0,Normal
FOC_20190801_06,617,0,Normal
FOC_20190801_06,618,0,Normal
FOC_20190801_06,619,0,Normal
FOC_20190801_06,620,0,Normal
FOC_20190801_06,621,0,Normal
FOC_20190801_06,622,0,Normal
FOC_20190801_06,623,0,Normal
FOC_20190801_06,624,0,Normal
FOC_20190801_06,625,0,Normal
FOC_20190801_06,626,0,Normal
FOC_20190801_06,627,0,Normal
FOC_20190801_06,628,0,Normal
FOC_20190801_06,629,0,Normal
FOC_20190801_06,630,0,Normal
FOC_20190801_06,631,0,Normal
FOC_20190801_06,632,0,Normal
FOC_20190801_06,633,0,Normal
FOC_20190801_06,634,0,Normal
FOC_20190801_06,635,0,Normal
FOC_20190801_06,636,0,Normal
FOC_20190801_06,637,0,Normal
FOC_20190801_06,638,0,Normal
FOC_20190801_06,639,0,Normal
FOC_20190801_06,640,0,Normal
FOC_20190801_06,641,0,Normal
FOC_20190801_06,642,0,Normal
FOC_20190801_06,643,0,Normal
FOC_20190801_06,644,0,Normal
FOC_20190801_06,645,0,Normal
FOC_20190801_06,646,0,Normal
FOC_20190801_06,647,0,Normal
FOC_20190801_06,648,0,Normal
FOC_20190801_06,649,0,Normal
FOC_20190801_06,650,0,Normal
FOC_20190801_06,651,0,Normal
FOC_20190801_06,652,0,Normal
FOC_20190801_06,653,0,Normal
FOC_20190801_06,654,0,Normal
FOC_20190801_06,655,0,Normal
FOC_20190801_06,656,0,Normal
FOC_20190801_06,657,0,Normal
FOC_20190801_06,658,0,Normal
FOC_20190801_06,659,0,Normal
FOC_20190801_06,660,0,Normal
FOC_20190801_06,661,0,Normal
FOC_20190801_06,662,0,Normal
FOC_20190801_06,663,0,Normal
FOC_20190801_06,664,0,Normal
FOC_20190801_06,665,0,Normal
FOC_20190801_06,666,0,Normal
FOC_20190801_06,667,0,Normal
FOC_20190801_06,668,0,Normal
FOC_20190801_06,669,0,Normal
FOC_20190801_06,670,0,Normal
FOC_20190801_06,671,0,Normal
FOC_20190801_06,672,0,Normal
FOC_20190801_06,673,0,Normal
FOC_20190801_06,674,0,Normal
FOC_20190801_06,675,0,Normal
FOC_20190801_06,676,0,Normal
FOC_20190801_06,677,0,Normal
FOC_20190801_06,678,0,Normal
FOC_20190801_06,679,0,Normal
FOC_20190801_06,680,0,Normal
FOC_20190801_06,681,0,Normal
FOC_20190801_06,682,0,Normal
FOC_20190801_06,683,0,Normal
FOC_20190801_06,684,0,Normal
FOC_20190801_06,685,0,Normal
FOC_20190801_06,686,0,Normal
FOC_20190801_06,687,0,Normal
FOC_20190801_06,688,0,Normal
FOC_20190801_06,689,0,Normal
FOC_20190801_06,690,0,Normal
FOC_20190801_06,691,0,Normal
FOC_20190801_06,692,0,Normal
FOC_20190801_06,693,0,Normal
FOC_20190801_06,694,0,Normal
FOC_20190801_06,695,0,Normal
FOC_20190801_06,696,0,Normal
FOC_20190801_06,697,0,Normal
FOC_20190801_06,698,0,Normal
FOC_20190801_06,699,0,Normal
FOC_20190801_06,700,0,Normal
FOC_20190801_06,701,0,Normal
FOC_20190801_06,702,0,Normal
FOC_20190801_06,703,0,Normal
FOC_20190801_06,704,0,Normal
FOC_20190801_06,705,0,Normal
FOC_20190801_06,706,0,Normal
FOC_20190801_06,707,0,Normal
FOC_20190801_06,708,0,Normal
FOC_20190801_06,709,0,Normal
FOC_20190801_06,710,0,Normal
FOC_20190801_06,711,0,Normal
FOC_20190801_06,712,0,Normal
FOC_20190801_06,713,0,Normal
FOC_20190801_06,714,0,Normal
FOC_20190801_06,715,0,Normal
FOC_20190801_06,716,0,Normal
FOC_20190801_06,717,0,Normal
FOC_20190801_06,718,0,Normal
FOC_20190801_06,719,0,Normal
FOC_20190801_06,720,0,Normal
FOC_20190801_06,721,0,Normal
FOC_20190801_06,722,0,Normal
FOC_20190801_06,723,0,Normal
FOC_20190801_06,724,0,Normal
FOC_20190801_06,725,0,Normal
FOC_20190801_06,726,0,Normal
FOC_20190801_06,727,0,Normal
FOC_20190801_06,728,0,Normal
FOC_20190801_06,729,0,Normal
FOC_20190801_06,730,0,Normal
FOC_20190801_06,731,0,Normal
FOC_20190801_06,732,0,Normal
FOC_20190801_06,733,0,Normal
FOC_20190801_06,734,0,Normal
FOC_20190801_06,735,0,Normal
FOC_20190801_06,736,0,Normal
FOC_20190801_06,737,0,Normal
FOC_20190801_06,738,0,Normal
FOC_20190801_06,739,0,Normal
FOC_20190801_06,740,0,Normal
FOC_20190801_06,741,0,Normal
FOC_20190801_06,742,0,Normal
FOC_20190801_06,743,0,Normal
FOC_20190801_06,744,0,Normal
FOC_20190801_06,745,0,Normal
FOC_20190801_06,746,0,Normal
FOC_20190801_06,747,0,Normal
FOC_20190801_06,748,0,Normal
FOC_20190801_06,749,0,Normal
FOC_20190801_06,750,0,Normal
FOC_20190801_06,751,0,Normal
FOC_20190801_06,752,0,Normal
FOC_20190801_06,753,0,Normal
FOC_20190801_06,754,0,Normal
FOC_20190801_06,755,0,Normal
FOC_20190801_06,756,0,Normal
FOC_20190801_06,757,0,Normal
FOC_20190801_06,758,0,Normal
FOC_20190801_06,759,0,Normal
FOC_20190801_06,760,0,Normal
FOC_20190801_06,761,0,Normal
FOC_20190801_06,762,0,Normal
FOC_20190801_06,763,0,Normal
FOC_20190801_06,764,0,Normal
FOC_20190801_06,765,0,Normal
FOC_20190801_06,766,0,Normal
FOC_20190801_06,767,0,Normal
FOC_20190801_06,768,0,Normal
FOC_20190801_06,769,0,Normal
FOC_20190801_06,770,0,Normal
FOC_20190801_06,771,0,Normal
FOC_20190801_06,772,0,Normal
FOC_20190801_06,773,0,Normal
FOC_20190801_06,774,0,Normal
FOC_20190801_06,775,0,Normal
FOC_20190801_06,776,0,Normal
FOC_20190801_06,777,0,Normal
FOC_20190801_06,778,0,Normal
FOC_20190801_06,779,0,Normal
FOC_20190801_06,780,0,Normal
FOC_20190801_06,781,0,Normal
FOC_20190801_06,782,0,Normal
FOC_20190801_06,783,0,Normal
FOC_20190801_06,784,0,Normal
FOC_20190801_06,785,0,Normal
FOC_20190801_06,786,0,Normal
FOC_20190801_06,787,0,Normal
FOC_20190801_06,788,0,Normal
FOC_20190801_06,789,0,Normal
FOC_20190801_06,790,0,Normal
FOC_20190801_06,791,0,Normal
FOC_20190801_06,792,0,Normal
FOC_20190801_06,793,0,Normal
FOC_20190801_06,794,0,Normal
FOC_20190801_06,795,0,Normal
FOC_20190801_06,796,0,Normal
FOC_20190801_06,797,0,Normal
FOC_20190801_06,798,0,Normal
FOC_20190801_06,799,0,Normal
FOC_20190801_06,800,0,Normal
FOC_20190801_06,801,0,Normal
FOC_20190801_06,802,0,Normal
FOC_20190801_06,803,0,Normal
FOC_20190801_06,804,0,Normal
FOC_20190801_06,805,0,Normal
FOC_20190801_06,806,0,Normal
FOC_20190801_06,807,0,Normal
FOC_20190801_06,808,0,Normal
FOC_20190801_06,809,0,Normal
FOC_20190801_06,810,0,Normal
FOC_20190801_06,811,0,Normal
FOC_20190801_06,812,0,Normal
FOC_20190801_06,813,0,Normal
FOC_20190801_06,814,0,Normal
FOC_20190801_06,815,0,Normal
FOC_20190801_06,816,0,Normal
FOC_20190801_06,817,0,Normal
FOC_20190801_06,818,0,Normal
FOC_20190801_06,819,0,Normal
FOC_20190801_06,820,0,Normal
FOC_20190801_06,821,0,Normal
FOC_20190801_06,822,0,Normal
FOC_20190801_06,823,0,Normal
FOC_20190801_06,824,0,Normal
FOC_20190801_06,825,0,Normal
FOC_20190801_06,826,0,Normal
FOC_20190801_06,827,0,Normal
FOC_20190801_06,828,0,Normal
FOC_20190801_06,829,0,Normal
FOC_20190801_06,830,0,Normal
FOC_20190801_06,831,0,Normal
FOC_20190801_06,832,0,Normal
FOC_20190801_06,833,0,Normal
FOC_20190801_06,834,0,Normal
FOC_20190801_06,835,0,Normal
FOC_20190801_06,836,0,Normal
FOC_20190801_06,837,0,Normal
FOC_20190801_06,838,0,Normal
FOC_20190801_06,839,0,Normal
FOC_20190801_06,840,0,Normal
FOC_20190801_06,841,0,Normal
FOC_20190801_06,842,0,Normal
FOC_20190801_06,843,0,Normal
FOC_20190801_06,844,0,Normal
FOC_20190801_06,845,0,Normal
FOC_20190801_06,846,0,Normal
FOC_20190801_06,847,0,Normal
FOC_20190801_06,848,0,Normal
FOC_20190801_06,849,0,Normal
FOC_20190801_06,850,0,Normal
FOC_20190801_06,851,0,Normal
FOC_20190801_06,852,0,Normal
FOC_20190801_06,853,0,Normal
FOC_20190801_06,854,0,Normal
FOC_20190801_06,855,0,Normal
FOC_20190801_06,856,0,Normal
FOC_20190801_06,857,0,Normal
FOC_20190801_06,858,0,Normal
FOC_20190801_06,859,0,Normal
FOC_20190801_06,860,0,Normal
FOC_20190801_06,861,0,Normal
FOC_20190801_06,862,0,Normal
FOC_20190801_06,863,0,Normal
FOC_20190801_06,864,0,Normal
FOC_20190801_06,865,0,Normal
FOC_20190801_06,866,0,Normal
FOC_20190801_06,867,0,Normal
FOC_20190801_06,868,0,Normal
FOC_20190801_06,869,0,Normal
FOC_20190801_06,870,0,Normal
FOC_20190801_06,871,0,Normal
FOC_20190801_06,872,0,Normal
FOC_20190801_06,873,0,Normal
FOC_20190801_06,874,0,Normal
FOC_20190801_06,875,0,Normal
FOC_20190801_06,876,0,Normal
FOC_20190801_06,877,0,Normal
FOC_20190801_06,878,0,Normal
FOC_20190801_06,879,0,Normal
FOC_20190801_06,880,0,Normal
FOC_20190801_06,881,0,Normal
FOC_20190801_06,882,0,Normal
FOC_20190801_06,883,0,Normal
FOC_20190801_06,884,0,Normal
FOC_20190801_06,885,0,Normal
FOC_20190801_06,886,0,Normal
FOC_20190801_06,887,0,Normal
FOC_20190801_06,888,0,Normal
FOC_20190801_06,889,0,Normal
FOC_20190801_06,890,0,Normal
FOC_20190801_06,891,0,Normal
FOC_20190801_06,892,0,Normal
FOC_20190801_06,893,0,Normal
FOC_20190801_06,894,0,Normal
FOC_20190801_06,895,0,Normal
FOC_20190801_06,896,0,Normal
FOC_20190801_06,897,0,Normal
FOC_20190801_06,898,0,Normal
FOC_20190801_06,899,0,Normal
FOC_20190801_06,900,0,Normal
FOC_20190801_06,901,0,Normal
FOC_20190801_06,902,0,Normal
FOC_20190801_06,903,0,Normal
FOC_20190801_06,904,0,Normal
FOC_20190801_06,905,0,Normal
FOC_20190801_06,906,0,Normal
FOC_20190801_06,907,0,Normal
FOC_20190801_06,908,0,Normal
FOC_20190801_06,909,0,Normal
FOC_20190801_06,910,0,Normal
FOC_20190801_06,911,0,Normal
FOC_20190801_06,912,0,Normal
FOC_20190801_06,913,0,Normal
FOC_20190801_06,914,0,Normal
FOC_20190801_06,915,0,Normal
FOC_20190801_06,916,0,Normal
FOC_20190801_06,917,0,Normal
FOC_20190801_06,918,0,Normal
FOC_20190801_06,919,0,Normal
FOC_20190801_06,920,0,Normal
FOC_20190801_06,921,0,Normal
FOC_20190801_06,922,0,Normal
FOC_20190801_06,923,0,Normal
FOC_20190801_06,924,0,Normal
FOC_20190801_06,925,0,Normal
FOC_20190801_06,926,0,Normal
FOC_20190801_06,927,0,Normal
FOC_20190801_06,928,0,Normal
FOC_20190801_06,929,0,Normal
FOC_20190801_06,930,0,Normal
FOC_20190801_06,931,0,Normal
FOC_20190801_06,932,0,Normal
FOC_20190801_06,933,0,Normal
FOC_20190801_06,934,0,Normal
FOC_20190801_06,935,0,Normal
FOC_20190801_06,936,0,Normal
FOC_20190801_06,937,0,Normal
FOC_20190801_06,938,0,Normal
FOC_20190801_06,939,0,Normal
FOC_20190801_06,940,0,Normal
FOC_20190801_06,941,0,Normal
FOC_20190801_06,942,0,Normal
FOC_20190801_06,943,0,Normal
FOC_20190801_06,944,0,Normal
FOC_20190801_06,945,0,Normal
FOC_20190801_06,946,0,Normal
FOC_20190801_06,947,0,Normal
FOC_20190801_06,948,0,Normal
FOC_20190801_06,949,0,Normal
FOC_20190801_06,950,0,Normal
FOC_20190801_06,951,0,Normal
FOC_20190801_06,952,0,Normal
FOC_20190801_06,953,0,Normal
FOC_20190801_06,954,0,Normal
FOC_20190801_06,955,0,Normal
FOC_20190801_06,956,0,Normal
FOC_20190801_06,957,0,Normal
FOC_20190801_06,958,0,Normal
FOC_20190801_06,959,0,Normal
FOC_20190801_06,960,0,Normal
FOC_20190801_06,961,0,Normal
FOC_20190801_06,962,0,Normal
FOC_20190801_06,963,0,Normal
FOC_20190801_06,964,0,Normal
FOC_20190801_06,965,0,Normal
FOC_20190801_06,966,0,Normal
FOC_20190801_06,967,0,Normal
FOC_20190801_06,968,0,Normal
FOC_20190801_06,969,0,Normal
FOC_20190801_06,970,0,Normal
FOC_20190801_06,971,0,Normal
FOC_20190801_06,972,0,Normal
FOC_20190801_06,973,0,Normal
FOC_20190801_06,974,0,Normal
FOC_20190801_06,975,0,Normal
FOC_20190801_06,976,0,Normal
FOC_20190801_06,977,0,Normal
FOC_20190801_06,978,0,Normal
FOC_20190801_06,979,0,Normal
FOC_20190801_06,980,0,Normal
FOC_20190801_06,981,0,Normal
FOC_20190801_06,982,0,Normal
FOC_20190801_06,983,0,Normal
FOC_20190801_06,984,0,Normal
FOC_20190801_06,985,0,Normal
FOC_20190801_06,986,0,Normal
FOC_20190801_06,987,0,Normal
FOC_20190801_06,988,0,Normal
FOC_20190801_06,989,0,Normal
FOC_20190801_06,990,0,Normal
FOC_20190801_06,991,0,Normal
FOC_20190801_06,992,0,Normal
FOC_20190801_06,993,0,Normal
FOC_20190801_06,994,0,Normal
FOC_20190801_06,995,0,Normal
FOC_20190801_06,996,0,Normal
FOC_20190801_06,997,0,Normal
FOC_20190801_06,998,0,Normal
FOC_20190801_06,999,0,Normal
FOC_20190801_06,1000,0,Normal
FOC_20190801_06,1001,0,Normal
FOC_20190801_06,1002,0,Normal
FOC_20190801_06,1003,0,Normal
FOC_20190801_06,1004,0,Normal
FOC_20190801_06,1005,0,Normal
FOC_20190801_06,1006,0,Normal
FOC_20190801_06,1007,0,Normal
FOC_20190801_06,1008,0,Normal
FOC_20190801_06,1009,0,Normal
FOC_20190801_06,1010,0,Normal
FOC_20190801_06,1011,0,Normal
FOC_20190801_06,1012,0,Normal
FOC_20190801_06,1013,0,Normal
FOC_20190801_06,1014,0,Normal
FOC_20190801_06,1015,0,Normal
FOC_20190801_06,1016,0,Normal
FOC_20190801_06,1017,0,Normal
FOC_20190801_06,1018,0,Normal
FOC_20190801_06,1019,0,Normal
FOC_20190801_06,1020,0,Normal
FOC_20190801_06,1021,0,Normal
FOC_20190801_06,1022,0,Normal
FOC_20190801_06,1023,0,Normal
FOC_20190801_06,1024,0,Normal
FOC_20190801_06,1025,0,Normal
FOC_20190801_06,1026,0,Normal
FOC_20190801_06,1027,0,Normal
FOC_20190801_06,1028,0,Normal
FOC_20190801_06,1029,0,Normal
FOC_20190801_06,1030,0,Normal
FOC_20190801_06,1031,0,Normal
FOC_20190801_06,1032,0,Normal
FOC_20190801_06,1033,0,Normal
FOC_20190801_06,1034,0,Normal
FOC_20190801_06,1035,0,Normal
FOC_20190801_06,1036,0,Normal
FOC_20190801_06,1037,0,Normal
FOC_20190801_06,1038,0,Normal
FOC_20190801_06,1039,0,Normal
FOC_20190801_06,1040,0,Normal
FOC_20190801_06,1041,0,Normal
FOC_20190801_06,1042,0,Normal
FOC_20190801_06,1043,0,Normal
FOC_20190801_06,1044,0,Normal
FOC_20190801_06,1045,0,Normal
FOC_20190801_06,1046,0,Normal
FOC_20190801_06,1047,0,Normal
FOC_20190801_06,1048,0,Normal
FOC_20190801_06,1049,0,Normal
FOC_20190801_06,1050,0,Normal
FOC_20190801_06,1051,0,Normal
FOC_20190801_06,1052,0,Normal
FOC_20190801_06,1053,0,Normal
FOC_20190801_06,1054,0,Normal
FOC_20190801_06,1055,0,Normal
FOC_20190801_06,1056,0,Normal
FOC_20190801_06,1057,0,Normal
FOC_20190801_06,1058,0,Normal
FOC_20190801_06,1059,0,Normal
FOC_20190801_06,1060,0,Normal
FOC_20190801_06,1061,0,Normal
FOC_20190801_06,1062,0,Normal
FOC_20190801_06,1063,0,Normal
FOC_20190801_06,1064,0,Normal
FOC_20190801_06,1065,0,Normal
FOC_20190801_06,1066,0,Normal
FOC_20190801_06,1067,0,Normal
FOC_20190801_06,1068,0,Normal
FOC_20190801_06,1069,0,Normal
FOC_20190801_06,1070,0,Normal
FOC_20190801_06,1071,0,Normal
FOC_20190801_06,1072,0,Normal
FOC_20190801_06,1073,0,Normal
FOC_20190801_06,1074,0,Normal
FOC_20190801_06,1075,0,Normal
FOC_20190801_06,1076,0,Normal
FOC_20190801_06,1077,0,Normal
FOC_20190801_06,1078,0,Normal
FOC_20190801_06,1079,0,Normal
FOC_20190801_06,1080,0,Normal
FOC_20190801_06,1081,0,Normal
FOC_20190801_06,1082,0,Normal
FOC_20190801_06,1083,0,Normal
FOC_20190801_06,1084,0,Normal
FOC_20190801_06,1085,0,Normal
FOC_20190801_06,1086,0,Normal
FOC_20190801_06,1087,0,Normal
FOC_20190801_06,1088,0,Normal
FOC_20190801_06,1089,0,Normal
FOC_20190801_06,1090,0,Normal
FOC_20190801_06,1091,0,Normal
FOC_20190801_06,1092,0,Normal
FOC_20190801_06,1093,0,Normal
FOC_20190801_06,1094,0,Normal
FOC_20190801_06,1095,0,Normal
FOC_20190801_06,1096,0,Normal
FOC_20190801_06,1097,0,Normal
FOC_20190801_06,1098,0,Normal
FOC_20190801_06,1099,0,Normal
FOC_20190801_06,1100,0,Normal
FOC_20190801_06,1101,0,Normal
FOC_20190801_06,1102,0,Normal
FOC_20190801_06,1103,0,Normal
FOC_20190801_06,1104,0,Normal
FOC_20190801_06,1105,0,Normal
FOC_20190801_06,1106,0,Normal
FOC_20190801_06,1107,0,Normal
FOC_20190801_06,1108,0,Normal
FOC_20190801_06,1109,0,Normal
FOC_20190801_06,1110,0,Normal
FOC_20190801_06,1111,0,Normal
FOC_20190801_06,1112,0,Normal
FOC_20190801_06,1113,0,Normal
FOC_20190801_06,1114,0,Normal
FOC_20190801_06,1115,0,Normal
FOC_20190801_06,1116,0,Normal
FOC_20190801_06,1117,0,Normal
FOC_20190801_06,1118,0,Normal
FOC_20190801_06,1119,0,Normal
FOC_20190801_06,1120,0,Normal
FOC_20190801_06,1121,0,Normal
FOC_20190801_06,1122,0,Normal
FOC_20190801_06,1123,0,Normal
FOC_20190801_06,1124,0,Normal
FOC_20190801_06,1125,0,Normal
FOC_20190801_06,1126,0,Normal
FOC_20190801_06,1127,0,Normal
FOC_20190801_06,1128,0,Normal
FOC_20190801_06,1129,0,Normal
FOC_20190801_06,1130,0,Normal
FOC_20190801_06,1131,0,Normal
FOC_20190801_06,1132,0,Normal
FOC_20190801_06,1133,0,Normal
FOC_20190801_06,1134,0,Normal
FOC_20190801_06,1135,0,Normal
FOC_20190801_06,1136,0,Normal
FOC_20190801_06,1137,0,Normal
FOC_20190801_06,1138,0,Normal
FOC_20190801_06,1139,0,Normal
FOC_20190801_06,1140,0,Normal
FOC_20190801_06,1141,0,Normal
FOC_20190801_06,1142,0,Normal
FOC_20190801_06,1143,0,Normal
FOC_20190801_06,1144,0,Normal
FOC_20190801_06,1145,0,Normal
FOC_20190801_06,1146,0,Normal
FOC_20190801_06,1147,0,Normal
FOC_20190801_06,1148,0,Normal
FOC_20190801_06,1149,0,Normal
FOC_20190801_06,1150,0,Normal
FOC_20190801_06,1151,0,Normal
FOC_20190801_06,1152,0,Normal
FOC_20190801_06,1153,0,Normal
FOC_20190801_06,1154,0,Normal
FOC_20190801_06,1155,0,Normal
FOC_20190801_06,1156,0,Normal
FOC_20190801_06,1157,0,Normal
FOC_20190801_06,1158,0,Normal
FOC_20190801_06,1159,0,Normal
FOC_20190801_06,1160,0,Normal
FOC_20190801_06,1161,0,Normal
FOC_20190801_06,1162,0,Normal
FOC_20190801_06,1163,0,Normal
FOC_20190801_06,1164,0,Normal
FOC_20190801_06,1165,0,Normal
FOC_20190801_06,1166,0,Normal
FOC_20190801_06,1167,0,Normal
FOC_20190801_06,1168,0,Normal
FOC_20190801_06,1169,0,Normal
FOC_20190801_06,1170,0,Normal
FOC_20190801_06,1171,0,Normal
FOC_20190801_06,1172,0,Normal
FOC_20190801_06,1173,0,Normal
FOC_20190801_06,1174,0,Normal
FOC_20190801_06,1175,0,Normal
FOC_20190801_06,1176,0,Normal
FOC_20190801_06,1177,0,Normal
FOC_20190801_06,1178,0,Normal
FOC_20190801_06,1179,0,Normal
FOC_20190801_06,1180,0,Normal
FOC_20190801_06,1181,0,Normal
FOC_20190801_06,1182,0,Normal
FOC_20190801_06,1183,0,Normal
FOC_20190801_06,1184,0,Normal
FOC_20190801_06,1185,0,Normal
FOC_20190801_06,1186,0,Normal
FOC_20190801_06,1187,0,Normal
FOC_20190801_06,1188,0,Normal
FOC_20190801_06,1189,0,Normal
FOC_20190801_06,1190,0,Normal
FOC_20190801_06,1191,0,Normal
FOC_20190801_06,1192,0,Normal
FOC_20190801_06,1193,0,Normal
FOC_20190801_06,1194,0,Normal
FOC_20190801_06,1195,0,Normal
FOC_20190801_06,1196,0,Normal
FOC_20190801_06,1197,0,Normal
FOC_20190801_06,1198,0,Normal
FOC_20190801_06,1199,0,Normal
FOC_20190812_09,0,0,Normal
FOC_20190812_09,1,0,Normal
FOC_20190812_09,2,0,Normal
FOC_20190812_09,3,0,Normal
FOC_20190812_09,4,0,Normal
FOC_20190812_09,5,0,Normal
FOC_20190812_09,6,0,Normal
FOC_20190812_09,7,0,Normal
FOC_20190812_09,8,0,Normal
FOC_20190812_09,9,0,Normal
FOC_20190812_09,10,0,Normal
FOC_20190812_09,11,0,Normal
FOC_20190812_09,12,0,Normal
FOC_20190812_09,13,0,Normal
FOC_20190812_09,14,0,Normal
FOC_20190812_09,15,0,Normal
FOC_20190812_09,16,0,Normal
FOC_20190812_09,17,0,Normal
FOC_20190812_09,18,0,Normal
FOC_20190812_09,19,0,Normal
FOC_20190812_09,20,0,Normal
FOC_20190812_09,21,0,Normal
FOC_20190812_09,22,0,Normal
FOC_20190812_09,23,0,Normal
FOC_20190812_09,24,0,Normal
FOC_20190812_09,25,0,Normal
FOC_20190812_09,26,0,Normal
FOC_20190812_09,27,0,Normal
FOC_20190812_09,28,0,Normal
FOC_20190812_09,29,0,Normal
FOC_20190812_09,30,0,Normal
FOC_20190812_09,31,0,Normal
FOC_20190812_09,32,0,Normal
FOC_20190812_09,33,0,Normal
FOC_20190812_09,34,0,Normal
FOC_20190812_09,35,0,Normal
FOC_20190812_09,36,0,Normal
FOC_20190812_09,37,0,Normal
FOC_20190812_09,38,0,Normal
FOC_20190812_09,39,0,Normal
FOC_20190812_09,40,0,Normal
FOC_20190812_09,41,0,Normal
FOC_20190812_09,42,0,Normal
FOC_20190812_09,43,0,Normal
FOC_20190812_09,44,0,Normal
FOC_20190812_09,45,0,Normal
FOC_20190812_09,46,0,Normal
FOC_20190812_09,47,0,Normal
FOC_20190812_09,48,0,Normal
FOC_20190812_09,49,0,Normal
FOC_20190812_09,50,0,Normal
FOC_20190812_09,51,0,Normal
FOC_20190812_09,52,0,Normal
FOC_20190812_09,53,0,Normal
FOC_20190812_09,54,0,Normal
FOC_20190812_09,55,0,Normal
FOC_20190812_09,56,0,Normal
FOC_20190812_09,57,0,Normal
FOC_20190812_09,58,0,Normal
FOC_20190812_09,59,0,Normal
FOC_20190812_09,60,0,Normal
FOC_20190812_09,61,0,Normal
FOC_20190812_09,62,0,Normal
FOC_20190812_09,63,0,Normal
FOC_20190812_09,64,0,Normal
FOC_20190812_09,65,0,Normal
FOC_20190812_09,66,0,Normal
FOC_20190812_09,67,0,Normal
FOC_20190812_09,68,0,Normal
FOC_20190812_09,69,0,Normal
FOC_20190812_09,70,0,Normal
FOC_20190812_09,71,0,Normal
FOC_20190812_09,72,0,Normal
FOC_20190812_09,73,0,Normal
FOC_20190812_09,74,0,Normal
FOC_20190812_09,75,0,Normal
FOC_20190812_09,76,0,Normal
FOC_20190812_09,77,0,Normal
FOC_20190812_09,78,0,Normal
FOC_20190812_09,79,0,Normal
FOC_20190812_09,80,0,Normal
FOC_20190812_09,81,0,Normal
FOC_20190812_09,82,0,Normal
FOC_20190812_09,83,0,Normal
FOC_20190812_09,84,0,Normal
FOC_20190812_09,85,0,Normal
FOC_20190812_09,86,0,Normal
FOC_20190812_09,87,0,Normal
FOC_20190812_09,88,0,Normal
FOC_20190812_09,89,0,Normal
FOC_20190812_09,90,0,Normal
FOC_20190812_09,91,0,Normal
FOC_20190812_09,92,0,Normal
FOC_20190812_09,93,0,Normal
FOC_20190812_09,94,0,Normal
FOC_20190812_09,95,0,Normal
FOC_20190812_09,96,0,Normal
FOC_20190812_09,97,0,Normal
FOC_20190812_09,98,0,Normal
FOC_20190812_09,99,0,Normal
FOC_20190812_09,100,0,Normal
FOC_20190812_09,101,0,Normal
FOC_20190812_09,102,0,Normal
FOC_20190812_09,103,0,Normal
FOC_20190812_09,104,0,Normal
FOC_20190812_09,105,0,Normal
FOC_20190812_09,106,0,Normal
FOC_20190812_09,107,0,Normal
FOC_20190812_09,108,0,Normal
FOC_20190812_09,109,0,Normal
FOC_20190812_09,110,0,Normal
FOC_20190812_09,111,0,Normal
FOC_20190812_09,112,0,Normal
FOC_20190812_09,113,0,Normal
FOC_20190812_09,114,0,Normal
FOC_20190812_09,115,0,Normal
FOC_20190812_09,116,0,Normal
FOC_20190812_09,117,0,Normal
FOC_20190812_09,118,0,Normal
FOC_20190812_09,119,0,Normal
FOC_20190812_09,120,0,Normal
FOC_20190812_09,121,0,Normal
FOC_20190812_09,122,0,Normal
FOC_20190812_09,123,0,Normal
FOC_20190812_09,124,0,Normal
FOC_20190812_09,125,0,Normal
FOC_20190812_09,126,0,Normal
FOC_20190812_09,127,0,Normal
FOC_20190812_09,128,0,Normal
FOC_20190812_09,129,0,Normal
FOC_20190812_09,130,0,Normal
FOC_20190812_09,131,0,Normal
FOC_20190812_09,132,0,Normal
FOC_20190812_09,133,0,Normal
FOC_20190812_09,134,0,Normal
FOC_20190812_09,135,0,Normal
FOC_20190812_09,136,0,Normal
FOC_20190812_09,137,0,Normal
FOC_20190812_09,138,0,Normal
FOC_20190812_09,139,0,Normal
FOC_20190812_09,140,0,Normal
FOC_20190812_09,141,0,Normal
FOC_20190812_09,142,0,Normal
FOC_20190812_09,143,0,Normal
FOC_20190812_09,144,0,Normal
FOC_20190812_09,145,0,Normal
FOC_20190812_09,146,0,Normal
FOC_20190812_09,147,0,Normal
FOC_20190812_09,148,0,Normal
FOC_20190812_09,149,0,Normal
FOC_20190812_09,150,0,Normal
FOC_20190812_09,151,0,Normal
FOC_20190812_09,152,0,Normal
FOC_20190812_09,153,0,Normal
FOC_20190812_09,154,0,Normal
FOC_20190812_09,155,0,Normal
FOC_20190812_09,156,0,Normal
FOC_20190812_09,157,0,Normal
FOC_20190812_09,158,0,Normal
FOC_20190812_09,159,0,Normal
FOC_20190812_09,160,0,Normal
FOC_20190812_09,161,0,Normal
FOC_20190812_09,162,0,Normal
FOC_20190812_09,163,0,Normal
FOC_20190812_09,164,1,Fault
FOC_20190812_09,165,0,Normal
FOC_20190812_09,166,0,Normal
FOC_20190812_09,167,0,Normal
FOC_20190812_09,168,0,Normal
FOC_20190812_09,169,0,Normal
FOC_20190812_09,170,0,Normal
FOC_20190812_09,171,0,Normal
FOC_20190812_09,172,0,Normal
FOC_20190812_09,173,0,Normal
FOC_20190812_09,174,0,Normal
FOC_20190812_09,175,0,Normal
FOC_20190812_09,176,0,Normal
FOC_20190812_09,177,0,Normal
FOC_20190812_09,178,0,Normal
FOC_20190812_09,179,0,Normal
FOC_20190812_09,180,0,Normal
FOC_20190812_09,181,0,Normal
FOC_20190812_09,182,0,Normal
FOC_20190812_09,183,0,Normal
FOC_20190812_09,184,0,Normal
FOC_20190812_09,185,0,Normal
FOC_20190812_09,186,0,Normal
FOC_20190812_09,187,0,Normal
FOC_20190812_09,188,0,Normal
FOC_20190812_09,189,0,Normal
FOC_20190812_09,190,0,Normal
FOC_20190812_09,191,0,Normal
FOC_20190812_09,192,0,Normal
FOC_20190812_09,193,0,Normal
FOC_20190812_09,194,0,Normal
FOC_20190812_09,195,0,Normal
FOC_20190812_09,196,0,Normal
FOC_20190812_09,197,0,Normal
FOC_20190812_09,198,0,Normal
FOC_20190812_09,199,0,Normal
FOC_20190812_09,200,0,Normal
FOC_20190812_09,201,0,Normal
FOC_20190812_09,202,0,Normal
FOC_20190812_09,203,0,Normal
FOC_20190812_09,204,0,Normal
FOC_20190812_09,205,0,Normal
FOC_20190812_09,206,0,Normal
FOC_20190812_09,207,0,Normal
FOC_20190812_09,208,0,Normal
FOC_20190812_09,209,0,Normal
FOC_20190812_09,210,0,Normal
FOC_20190812_09,211,0,Normal
FOC_20190812_09,212,0,Normal
FOC_20190812_09,213,0,Normal
FOC_20190812_09,214,0,Normal
FOC_20190812_09,215,0,Normal
FOC_20190812_09,216,0,Normal
FOC_20190812_09,217,0,Normal
FOC_20190812_09,218,0,Normal
FOC_20190812_09,219,0,Normal
FOC_20190812_09,220,0,Normal
FOC_20190812_09,221,0,Normal
FOC_20190812_09,222,0,Normal
FOC_20190812_09,223,0,Normal
FOC_20190812_09,224,0,Normal
FOC_20190812_09,225,0,Normal
FOC_20190812_09,226,0,Normal
FOC_20190812_09,227,0,Normal
FOC_20190812_09,228,0,Normal
FOC_20190812_09,229,0,Normal
FOC_20190812_09,230,0,Normal
FOC_20190812_09,231,0,Normal
FOC_20190812_09,232,0,Normal
FOC_20190812_09,233,0,Normal
FOC_20190812_09,234,0,Normal
FOC_20190812_09,235,0,Normal
FOC_20190812_09,236,0,Normal
FOC_20190812_09,237,1,Fault
FOC_20190812_09,238,0,Normal
FOC_20190812_09,239,0,Normal
FOC_20190812_09,240,0,Normal
FOC_20190812_09,241,0,Normal
FOC_20190812_09,242,0,Normal
FOC_20190812_09,243,0,Normal
FOC_20190812_09,244,0,Normal
FOC_20190812_09,245,0,Normal
FOC_20190812_09,246,0,Normal
FOC_20190812_09,247,0,Normal
FOC_20190812_09,248,0,Normal
FOC_20190812_09,249,0,Normal
FOC_20190812_09,250,0,Normal
FOC_20190812_09,251,0,Normal
FOC_20190812_09,252,0,Normal
FOC_20190812_09,253,0,Normal
FOC_20190812_09,254,0,Normal
FOC_20190812_09,255,0,Normal
FOC_20190812_09,256,0,Normal
FOC_20190812_09,257,0,Normal
FOC_20190812_09,258,0,Normal
FOC_20190812_09,259,0,Normal
FOC_20190812_09,260,0,Normal
FOC_20190812_09,261,0,Normal
FOC_20190812_09,262,0,Normal
FOC_20190812_09,263,0,Normal
FOC_20190812_09,264,0,Normal
FOC_20190812_09,265,0,Normal
FOC_20190812_09,266,0,Normal
FOC_20190812_09,267,0,Normal
FOC_20190812_09,268,0,Normal
FOC_20190812_09,269,0,Normal
FOC_20190812_09,270,0,Normal
FOC_20190812_09,271,0,Normal
FOC_20190812_09,272,0,Normal
FOC_20190812_09,273,0,Normal
FOC_20190812_09,274,0,Normal
FOC_20190812_09,275,0,Normal
FOC_20190812_09,276,0,Normal
FOC_20190812_09,277,0,Normal
FOC_20190812_09,278,0,Normal
FOC_20190812_09,279,0,Normal
FOC_20190812_09,280,0,Normal
FOC_20190812_09,281,0,Normal
FOC_20190812_09,282,0,Normal
FOC_20190812_09,283,0,Normal
FOC_20190812_09,284,0,Normal
FOC_20190812_09,285,0,Normal
FOC_20190812_09,286,0,Normal
FOC_20190812_09,287,0,Normal
FOC_20190812_09,288,0,Normal
FOC_20190812_09,289,0,Normal
FOC_20190812_09,290,0,Normal
FOC_20190812_09,291,0,Normal
FOC_20190812_09,292,0,Normal
FOC_20190812_09,293,0,Normal
FOC_20190812_09,294,0,Normal
FOC_20190812_09,295,0,Normal
FOC_20190812_09,296,0,Normal
FOC_20190812_09,297,0,Normal
FOC_20190812_09,298,0,Normal
FOC_20190812_09,299,0,Normal
FOC_20190812_09,300,0,Normal
FOC_20190812_09,301,0,Normal
FOC_20190812_09,302,0,Normal
FOC_20190812_09,303,0,Normal
FOC_20190812_09,304,0,Normal
FOC_20190812_09,305,0,Normal
FOC_20190812_09,306,0,Normal
FOC_20190812_09,307,0,Normal
FOC_20190812_09,308,0,Normal
FOC_20190812_09,309,0,Normal
FOC_20190812_09,310,0,Normal
FOC_20190812_09,311,0,Normal
FOC_20190812_09,312,0,Normal
FOC_20190812_09,313,0,Normal
FOC_20190812_09,314,0,Normal
FOC_20190812_09,315,0,Normal
FOC_20190812_09,316,0,Normal
FOC_20190812_09,317,0,Normal
FOC_20190812_09,318,0,Normal
FOC_20190812_09,319,0,Normal
FOC_20190812_09,320,0,Normal
FOC_20190812_09,321,0,Normal
FOC_20190812_09,322,0,Normal
FOC_20190812_09,323,0,Normal
FOC_20190812_09,324,0,Normal
FOC_20190812_09,325,0,Normal
FOC_20190812_09,326,0,Normal
FOC_20190812_09,327,0,Normal
FOC_20190812_09,328,0,Normal
FOC_20190812_09,329,0,Normal
FOC_20190812_09,330,0,Normal
FOC_20190812_09,331,0,Normal
FOC_20190812_09,332,0,Normal
FOC_20190812_09,333,0,Normal
FOC_20190812_09,334,0,Normal
FOC_20190812_09,335,0,Normal
FOC_20190812_09,336,0,Normal
FOC_20190812_09,337,0,Normal
FOC_20190812_09,338,0,Normal
FOC_20190812_09,339,0,Normal
FOC_20190812_09,340,0,Normal
FOC_20190812_09,341,0,Normal
FOC_20190812_09,342,0,Normal
FOC_20190812_09,343,0,Normal
FOC_20190812_09,344,0,Normal
FOC_20190812_09,345,0,Normal
FOC_20190812_09,346,0,Normal
FOC_20190812_09,347,0,Normal
FOC_20190812_09,348,0,Normal
FOC_20190812_09,349,0,Normal
FOC_20190812_09,350,0,Normal
FOC_20190812_09,351,0,Normal
FOC_20190812_09,352,0,Normal
FOC_20190812_09,353,0,Normal
FOC_20190812_09,354,0,Normal
FOC_20190812_09,355,0,Normal
FOC_20190812_09,356,0,Normal
FOC_20190812_09,357,0,Normal
FOC_20190812_09,358,0,Normal
FOC_20190812_09,359,0,Normal
FOC_20190812_09,360,0,Normal
FOC_20190812_09,361,0,Normal
FOC_20190812_09,362,0,Normal
FOC_20190812_09,363,0,Normal
FOC_20190812_09,364,0,Normal
FOC_20190812_09,365,0,Normal
FOC_20190812_09,366,0,Normal
FOC_20190812_09,367,0,Normal
FOC_20190812_09,368,0,Normal
FOC_20190812_09,369,0,Normal
FOC_20190812_09,370,0,Normal
FOC_20190812_09,371,0,Normal
FOC_20190812_09,372,0,Normal
FOC_20190812_09,373,0,Normal
FOC_20190812_09,374,0,Normal
FOC_20190812_09,375,0,Normal
FOC_20190812_09,376,0,Normal
FOC_20190812_09,377,0,Normal
FOC_20190812_09,378,0,Normal
FOC_20190812_09,379,0,Normal
FOC_20190812_09,380,0,Normal
FOC_20190812_09,381,0,Normal
FOC_20190812_09,382,0,Normal
FOC_20190812_09,383,0,Normal
FOC_20190812_09,384,0,Normal
FOC_20190812_09,385,0,Normal
FOC_20190812_09,386,0,Normal
FOC_20190812_09,387,0,Normal
FOC_20190812_09,388,0,Normal
FOC_20190812_09,389,0,Normal
FOC_20190812_09,390,0,Normal
FOC_20190812_09,391,0,Normal
FOC_20190812_09,392,0,Normal
FOC_20190812_09,393,0,Normal
FOC_20190812_09,394,0,Normal
FOC_20190812_09,395,0,Normal
FOC_20190812_09,396,0,Normal
FOC_20190812_09,397,0,Normal
FOC_20190812_09,398,0,Normal
FOC_20190812_09,399,0,Normal
FOC_20190812_09,400,0,Normal
FOC_20190812_09,401,0,Normal
FOC_20190812_09,402,0,Normal
FOC_20190812_09,403,0,Normal
FOC_20190812_09,404,0,Normal
FOC_20190812_09,405,0,Normal
FOC_20190812_09,406,0,Normal
FOC_20190812_09,407,0,Normal
FOC_20190812_09,408,0,Normal
FOC_20190812_09,409,0,Normal
FOC_20190812_09,410,0,Normal
FOC_20190812_09,411,0,Normal
FOC_20190812_09,412,0,Normal
FOC_20190812_09,413,0,Normal
FOC_20190812_09,414,0,Normal
FOC_20190812_09,415,0,Normal
FOC_20190812_09,416,0,Normal
FOC_20190812_09,417,0,Normal
FOC_20190812_09,418,0,Normal
FOC_20190812_09,419,0,Normal
FOC_20190812_09,420,0,Normal
FOC_20190812_09,421,0,Normal
FOC_20190812_09,422,0,Normal
FOC_20190812_09,423,0,Normal
FOC_20190812_09,424,0,Normal
FOC_20190812_09,425,0,Normal
FOC_20190812_09,426,0,Normal
FOC_20190812_09,427,0,Normal
FOC_20190812_09,428,0,Normal
FOC_20190812_09,429,0,Normal
FOC_20190812_09,430,0,Normal
FOC_20190812_09,431,0,Normal
FOC_20190812_09,432,0,Normal
FOC_20190812_09,433,0,Normal
FOC_20190812_09,434,0,Normal
FOC_20190812_09,435,0,Normal
FOC_20190812_09,436,0,Normal
FOC_20190812_09,437,0,Normal
FOC_20190812_09,438,0,Normal
FOC_20190812_09,439,0,Normal
FOC_20190812_09,440,0,Normal
FOC_20190812_09,441,0,Normal
FOC_20190812_09,442,0,Normal
FOC_20190812_09,443,0,Normal
FOC_20190812_09,444,0,Normal
FOC_20190812_09,445,0,Normal
FOC_20190812_09,446,0,Normal
FOC_20190812_09,447,0,Normal
FOC_20190812_09,448,0,Normal
FOC_20190812_09,449,0,Normal
FOC_20190812_09,450,0,Normal
FOC_20190812_09,451,0,Normal
FOC_20190812_09,452,0,Normal
FOC_20190812_09,453,0,Normal
FOC_20190812_09,454,0,Normal
FOC_20190812_09,455,0,Normal
FOC_20190812_09,456,0,Normal
FOC_20190812_09,457,0,Normal
FOC_20190812_09,458,0,Normal
FOC_20190812_09,459,0,Normal
FOC_20190812_09,460,0,Normal
FOC_20190812_09,461,0,Normal
FOC_20190812_09,462,0,Normal
FOC_20190812_09,463,0,Normal
FOC_20190812_09,464,0,Normal
FOC_20190812_09,465,0,Normal
FOC_20190812_09,466,0,Normal
FOC_20190812_09,467,0,Normal
FOC_20190812_09,468,0,Normal
FOC_20190812_09,469,0,Normal
FOC_20190812_09,470,0,Normal
FOC_20190812_09,471,0,Normal
FOC_20190812_09,472,0,Normal
FOC_20190812_09,473,0,Normal
FOC_20190812_09,474,0,Normal
FOC_20190812_09,475,0,Normal
FOC_20190812_09,476,0,Normal
FOC_20190812_09,477,0,Normal
FOC_20190812_09,478,0,Normal
FOC_20190812_09,479,0,Normal
FOC_20190812_09,480,0,Normal
FOC_20190812_09,481,0,Normal
FOC_20190812_09,482,0,Normal
FOC_20190812_09,483,0,Normal
FOC_20190812_09,484,0,Normal
FOC_20190812_09,485,0,Normal
FOC_20190812_09,486,0,Normal
FOC_20190812_09,487,0,Normal
FOC_20190812_09,488,0,Normal
FOC_20190812_09,489,0,Normal
FOC_20190812_09,490,0,Normal
FOC_20190812_09,491,0,Normal
FOC_20190812_09,492,0,Normal
FOC_20190812_09,493,0,Normal
FOC_20190812_09,494,0,Normal
FOC_20190812_09,495,0,Normal
FOC_20190812_09,496,0,Normal
FOC_20190812_09,497,0,Normal
FOC_20190812_09,498,0,Normal
FOC_20190812_09,499,1,Fault
FOC_20190812_09,500,1,Fault
FOC_20190812_09,501,1,Fault
FOC_20190812_09,502,1,Fault
FOC_20190812_09,503,1,Fault
FOC_20190812_09,504,1,Fault
FOC_20190812_09,505,1,Fault
FOC_20190812_09,506,1,Fault
FOC_20190812_09,507,1,Fault
FOC_20190812_09,508,1,Fault
FOC_20190812_09,509,1,Fault
FOC_20190812_09,510,1,Fault
FOC_20190812_09,511,1,Fault
FOC_20190812_09,512,1,Fault
FOC_20190812_09,513,1,Fault
FOC_20190812_09,514,1,Fault
FOC_20190812_09,515,1,Fault
FOC_20190812_09,516,1,Fault
FOC_20190812_09,517,1,Fault
FOC_20190812_09,518,1,Fault
FOC_20190812_09,519,1,Fault
FOC_20190812_09,520,1,Fault
FOC_20190812_09,521,1,Fault
FOC_20190812_09,522,1,Fault
FOC_20190812_09,523,1,Fault
FOC_20190812_09,524,1,Fault
FOC_20190812_09,525,1,Fault
FOC_20190812_09,526,1,Fault
FOC_20190812_09,527,1,Fault
FOC_20190812_09,528,1,Fault
FOC_20190812_09,529,1,Fault
FOC_20190812_09,530,1,Fault
FOC_20190812_09,531,1,Fault
FOC_20190812_09,532,1,Fault
FOC_20190812_09,533,1,Fault
FOC_20190812_09,534,1,Fault
FOC_20190812_09,535,1,Fault
FOC_20190812_09,536,1,Fault
FOC_20190812_09,537,1,Fault
FOC_20190812_09,538,1,Fault
FOC_20190812_09,539,1,Fault
FOC_20190812_09,540,1,Fault
FOC_20190812_09,541,1,Fault
FOC_20190812_09,542,1,Fault
FOC_20190812_09,543,1,Fault
FOC_20190812_09,544,1,Fault
FOC_20190812_09,545,1,Fault
FOC_20190812_09,546,1,Fault
FOC_20190812_09,547,1,Fault
FOC_20190812_09,548,1,Fault
FOC_20190812_09,549,1,Fault
FOC_20190812_09,550,1,Fault
FOC_20190812_09,551,1,Fault
FOC_20190812_09,552,1,Fault
FOC_20190812_09,553,1,Fault
FOC_20190812_09,554,1,Fault
FOC_20190812_09,555,1,Fault
FOC_20190812_09,556,1,Fault
FOC_20190812_09,557,1,Fault
FOC_20190812_09,558,1,Fault
FOC_20190812_09,559,1,Fault
FOC_20190812_09,560,1,Fault
FOC_20190812_09,561,1,Fault
FOC_20190812_09,562,1,Fault
FOC_20190812_09,563,1,Fault
FOC_20190812_09,564,1,Fault
FOC_20190812_09,565,1,Fault
FOC_20190812_09,566,1,Fault
FOC_20190812_09,567,1,Fault
FOC_20190812_09,568,1,Fault
FOC_20190812_09,569,1,Fault
FOC_20190812_09,570,1,Fault
FOC_20190812_09,571,1,Fault
FOC_20190812_09,572,1,Fault
FOC_20190812_09,573,1,Fault
FOC_20190812_09,574,1,Fault
FOC_20190812_09,575,1,Fault
FOC_20190812_09,576,1,Fault
FOC_20190812_09,577,1,Fault
FOC_20190812_09,578,1,Fault
FOC_20190812_09,579,1,Fault
FOC_20190812_09,580,1,Fault
FOC_20190812_09,581,1,Fault
FOC_20190812_09,582,1,Fault
FOC_20190812_09,583,1,Fault
FOC_20190812_09,584,1,Fault
FOC_20190812_09,585,1,Fault
FOC_20190812_09,586,1,Fault
FOC_20190812_09,587,1,Fault
FOC_20190812_09,588,1,Fault
FOC_20190812_09,589,1,Fault
FOC_20190812_09,590,1,Fault
FOC_20190812_09,591,1,Fault
FOC_20190812_09,592,1,Fault
FOC_20190812_09,593,1,Fault
FOC_20190812_09,594,1,Fault
FOC_20190812_09,595,1,Fault
FOC_20190812_09,596,1,Fault
FOC_20190812_09,597,1,Fault
FOC_20190812_09,598,1,Fault
FOC_20190812_09,599,1,Fault
FOC_20190812_09,600,1,Fault
FOC_20190812_09,601,1,Fault
FOC_20190812_09,602,1,Fault
FOC_20190812_09,603,1,Fault
FOC_20190812_09,604,1,Fault
FOC_20190812_09,605,1,Fault
FOC_20190812_09,606,1,Fault
FOC_20190812_09,607,1,Fault
FOC_20190812_09,608,1,Fault
FOC_20190812_09,609,1,Fault
FOC_20190812_09,610,1,Fault
FOC_20190812_09,611,1,Fault
FOC_20190812_09,612,1,Fault
FOC_20190812_09,613,1,Fault
FOC_20190812_09,614,1,Fault
FOC_20190812_09,615,1,Fault
FOC_20190812_09,616,1,Fault
FOC_20190812_09,617,1,Fault
FOC_20190812_09,618,1,Fault
FOC_20190812_09,619,1,Fault
FOC_20190812_09,620,1,Fault
FOC_20190812_09,621,1,Fault
FOC_20190812_09,622,1,Fault
FOC_20190812_09,623,1,Fault
FOC_20190812_09,624,1,Fault
FOC_20190812_09,625,1,Fault
FOC_20190812_09,626,1,Fault
FOC_20190812_09,627,1,Fault
FOC_20190812_09,628,1,Fault
FOC_20190812_09,629,1,Fault
FOC_20190812_09,630,1,Fault
FOC_20190812_09,631,1,Fault
FOC_20190812_09,632,1,Fault
FOC_20190812_09,633,1,Fault
FOC_20190812_09,634,1,Fault
FOC_20190812_09,635,1,Fault
FOC_20190812_09,636,1,Fault
FOC_20190812_09,637,1,Fault
FOC_20190812_09,638,1,Fault
FOC_20190812_09,639,1,Fault
FOC_20190812_09,640,1,Fault
FOC_20190812_09,641,1,Fault
FOC_20190812_09,642,1,Fault
FOC_20190812_09,643,1,Fault
FOC_20190812_09,644,1,Fault
FOC_20190812_09,645,1,Fault
FOC_20190812_09,646,1,Fault
FOC_20190812_09,647,1,Fault
FOC_20190812_09,648,1,Fault
FOC_20190812_09,649,1,Fault
FOC_20190812_09,650,1,Fault
FOC_20190812_09,651,1,Fault
FOC_20190812_09,652,1,Fault
FOC_20190812_09,653,1,Fault
FOC_20190812_09,654,1,Fault
FOC_20190812_09,655,1,Fault
FOC_20190812_09,656,1,Fault
FOC_20190812_09,657,1,Fault
FOC_20190812_09,658,1,Fault
FOC_20190812_09,659,1,Fault
FOC_20190812_09,660,1,Fault
FOC_20190812_09,661,1,Fault
FOC_20190812_09,662,1,Fault
FOC_20190812_09,663,1,Fault
FOC_20190812_09,664,1,Fault
FOC_20190812_09,665,1,Fault
FOC_20190812_09,666,1,Fault
FOC_20190812_09,667,1,Fault
FOC_20190812_09,668,1,Fault
FOC_20190812_09,669,1,Fault
FOC_20190812_09,670,1,Fault
FOC_20190812_09,671,1,Fault
FOC_20190812_09,672,1,Fault
FOC_20190812_09,673,1,Fault
FOC_20190812_09,674,1,Fault
FOC_20190812_09,675,1,Fault
FOC_20190812_09,676,1,Fault
FOC_20190812_09,677,1,Fault
FOC_20190812_09,678,1,Fault
FOC_20190812_09,679,1,Fault
FOC_20190812_09,680,1,Fault
FOC_20190812_09,681,1,Fault
FOC_20190812_09,682,1,Fault
FOC_20190812_09,683,1,Fault
FOC_20190812_09,684,1,Fault
FOC_20190812_09,685,1,Fault
FOC_20190812_09,686,1,Fault
FOC_20190812_09,687,1,Fault
FOC_20190812_09,688,1,Fault
FOC_20190812_09,689,1,Fault
FOC_20190812_09,690,1,Fault
FOC_20190812_09,691,1,Fault
FOC_20190812_09,692,1,Fault
FOC_20190812_09,693,1,Fault
FOC_20190812_09,694,1,Fault
FOC_20190812_09,695,1,Fault
FOC_20190812_09,696,1,Fault
FOC_20190812_09,697,1,Fault
FOC_20190812_09,698,1,Fault
FOC_20190812_09,699,1,Fault
FOC_20190812_09,700,1,Fault
FOC_20190812_09,701,1,Fault
FOC_20190812_09,702,1,Fault
FOC_20190812_09,703,1,Fault
FOC_20190812_09,704,1,Fault
FOC_20190812_09,705,1,Fault
FOC_20190812_09,706,1,Fault
FOC_20190812_09,707,1,Fault
FOC_20190812_09,708,1,Fault
FOC_20190812_09,709,1,Fault
FOC_20190812_09,710,1,Fault
FOC_20190812_09,711,1,Fault
FOC_20190812_09,712,1,Fault
FOC_20190812_09,713,1,Fault
FOC_20190812_09,714,1,Fault
FOC_20190812_09,715,1,Fault
FOC_20190812_09,716,1,Fault
FOC_20190812_09,717,1,Fault
FOC_20190812_09,718,1,Fault
FOC_20190812_09,719,1,Fault
FOC_20190812_09,720,1,Fault
FOC_20190812_09,721,1,Fault
FOC_20190812_09,722,1,Fault
FOC_20190812_09,723,1,Fault
FOC_20190812_09,724,1,Fault
FOC_20190812_09,725,1,Fault
FOC_20190812_09,726,1,Fault
FOC_20190812_09,727,1,Fault
FOC_20190812_09,728,1,Fault
FOC_20190812_09,729,1,Fault
FOC_20190812_09,730,1,Fault
FOC_20190812_09,731,1,Fault
FOC_20190812_09,732,1,Fault
FOC_20190812_09,733,1,Fault
FOC_20190812_09,734,1,Fault
FOC_20190812_09,735,1,Fault
FOC_20190812_09,736,1,Fault
FOC_20190812_09,737,1,Fault
FOC_20190812_09,738,1,Fault
FOC_20190812_09,739,1,Fault
FOC_20190812_09,740,1,Fault
FOC_20190812_09,741,1,Fault
FOC_20190812_09,742,1,Fault
FOC_20190812_09,743,1,Fault
FOC_20190812_09,744,1,Fault
FOC_20190812_09,745,1,Fault
FOC_20190812_09,746,1,Fault
FOC_20190812_09,747,1,Fault
FOC_20190812_09,748,1,Fault
FOC_20190812_09,749,1,Fault
FOC_20190812_09,750,1,Fault
FOC_20190812_09,751,1,Fault
FOC_20190812_09,752,1,Fault
FOC_20190812_09,753,1,Fault
FOC_20190812_09,754,1,Fault
FOC_20190812_09,755,1,Fault
FOC_20190812_09,756,1,Fault
FOC_20190812_09,757,1,Fault
FOC_20190812_09,758,1,Fault
FOC_20190812_09,759,1,Fault
FOC_20190812_09,760,1,Fault
FOC_20190812_09,761,1,Fault
FOC_20190812_09,762,1,Fault
FOC_20190812_09,763,1,Fault
FOC_20190812_09,764,1,Fault
FOC_20190812_09,765,1,Fault
FOC_20190812_09,766,1,Fault
FOC_20190812_09,767,1,Fault
FOC_20190812_09,768,1,Fault
FOC_20190812_09,769,1,Fault
FOC_20190812_09,770,1,Fault
FOC_20190812_09,771,1,Fault
FOC_20190812_09,772,1,Fault
FOC_20190812_09,773,1,Fault
FOC_20190812_09,774,1,Fault
FOC_20190812_09,775,1,Fault
FOC_20190812_09,776,1,Fault
FOC_20190812_09,777,1,Fault
FOC_20190812_09,778,1,Fault
FOC_20190812_09,779,1,Fault
FOC_20190812_09,780,1,Fault
FOC_20190812_09,781,1,Fault
FOC_20190812_09,782,1,Fault
FOC_20190812_09,783,1,Fault
FOC_20190812_09,784,1,Fault
FOC_20190812_09,785,1,Fault
FOC_20190812_09,786,1,Fault
FOC_20190812_09,787,1,Fault
FOC_20190812_09,788,1,Fault
FOC_20190812_09,789,1,Fault
FOC_20190812_09,790,1,Fault
FOC_20190812_09,791,1,Fault
FOC_20190812_09,792,1,Fault
FOC_20190812_09,793,1,Fault
FOC_20190812_09,794,1,Fault
FOC_20190812_09,795,1,Fault
FOC_20190812_09,796,1,Fault
FOC_20190812_09,797,1,Fault
FOC_20190812_09,798,1,Fault
FOC_20190812_09,799,1,Fault
FOC_20190812_09,800,1,Fault
FOC_20190812_09,801,1,Fault
FOC_20190812_09,802,1,Fault
FOC_20190812_09,803,1,Fault
FOC_20190812_09,804,1,Fault
FOC_20190812_09,805,1,Fault
FOC_20190812_09,806,1,Fault
FOC_20190812_09,807,1,Fault
FOC_20190812_09,808,1,Fault
FOC_20190812_09,809,1,Fault
FOC_20190812_09,810,1,Fault
FOC_20190812_09,811,1,Fault
FOC_20190812_09,812,1,Fault
FOC_20190812_09,813,1,Fault
FOC_20190812_09,814,1,Fault
FOC_20190812_09,815,1,Fault
FOC_20190812_09,816,1,Fault
FOC_20190812_09,817,1,Fault
FOC_20190812_09,818,1,Fault
FOC_20190812_09,819,1,Fault
FOC_20190812_09,820,1,Fault
FOC_20190812_09,821,1,Fault
FOC_20190812_09,822,1,Fault
FOC_20190812_09,823,1,Fault
FOC_20190812_09,824,1,Fault
FOC_20190812_09,825,1,Fault
FOC_20190812_09,826,1,Fault
FOC_20190812_09,827,1,Fault
FOC_20190812_09,828,1,Fault
FOC_20190812_09,829,1,Fault
FOC_20190812_09,830,1,Fault
FOC_20190812_09,831,1,Fault
FOC_20190812_09,832,1,Fault
FOC_20190812_09,833,1,Fault
FOC_20190812_09,834,1,Fault
FOC_20190812_09,835,1,Fault
FOC_20190812_09,836,1,Fault
FOC_20190812_09,837,1,Fault
FOC_20190812_09,838,1,Fault
FOC_20190812_09,839,1,Fault
FOC_20190812_09,840,1,Fault
FOC_20190812_09,841,1,Fault
FOC_20190812_09,842,1,Fault
FOC_20190812_09,843,1,Fault
FOC_20190812_09,844,1,Fault
FOC_20190812_09,845,1,Fault
FOC_20190812_09,846,1,Fault
FOC_20190812_09,847,1,Fault
FOC_20190812_09,848,1,Fault
FOC_20190812_09,849,1,Fault
FOC_20190812_09,850,1,Fault
FOC_20190812_09,851,1,Fault
FOC_20190812_09,852,1,Fault
FOC_20190812_09,853,1,Fault
FOC_20190812_09,854,1,Fault
FOC_20190812_09,855,1,Fault
FOC_20190812_09,856,1,Fault
FOC_20190812_09,857,1,Fault
FOC_20190812_09,858,1,Fault
FOC_20190812_09,859,1,Fault
FOC_20190812_09,860,1,Fault
FOC_20190812_09,861,1,Fault
FOC_20190812_09,862,1,Fault
FOC_20190812_09,863,1,Fault
FOC_20190812_09,864,1,Fault
FOC_20190812_09,865,1,Fault
FOC_20190812_09,866,1,Fault
FOC_20190812_09,867,1,Fault
FOC_20190812_09,868,1,Fault
FOC_20190812_09,869,1,Fault
FOC_20190812_09,870,1,Fault
FOC_20190812_09,871,1,Fault
FOC_20190812_09,872,1,Fault
FOC_20190812_09,873,1,Fault
FOC_20190812_09,874,1,Fault
FOC_20190812_09,875,1,Fault
FOC_20190812_09,876,1,Fault
FOC_20190812_09,877,1,Fault
FOC_20190812_09,878,1,Fault
FOC_20190812_09,879,1,Fault
FOC_20190812_09,880,1,Fault
FOC_20190812_09,881,1,Fault
FOC_20190812_09,882,1,Fault
FOC_20190812_09,883,1,Fault
FOC_20190812_09,884,1,Fault
FOC_20190812_09,885,1,Fault
FOC_20190812_09,886,1,Fault
FOC_20190812_09,887,1,Fault
FOC_20190812_09,888,1,Fault
FOC_20190812_09,889,1,Fault
FOC_20190812_09,890,1,Fault
FOC_20190812_09,891,1,Fault
FOC_20190812_09,892,1,Fault
FOC_20190812_09,893,1,Fault
FOC_20190812_09,894,1,Fault
FOC_20190812_09,895,1,Fault
FOC_20190812_09,896,1,Fault
FOC_20190812_09,897,1,Fault
FOC_20190812_09,898,1,Fault
FOC_20190812_09,899,1,Fault
FOC_20190812_09,900,1,Fault
FOC_20190812_09,901,1,Fault
FOC_20190812_09,902,1,Fault
FOC_20190812_09,903,1,Fault
FOC_20190812_09,904,1,Fault
FOC_20190812_09,905,1,Fault
FOC_20190812_09,906,1,Fault
FOC_20190812_09,907,1,Fault
FOC_20190812_09,908,1,Fault
FOC_20190812_09,909,1,Fault
FOC_20190812_09,910,1,Fault
FOC_20190812_09,911,1,Fault
FOC_20190812_09,912,1,Fault
FOC_20190812_09,913,1,Fault
FOC_20190812_09,914,1,Fault
FOC_20190812_09,915,1,Fault
FOC_20190812_09,916,1,Fault
FOC_20190812_09,917,1,Fault
FOC_20190812_09,918,1,Fault
FOC_20190812_09,919,1,Fault
FOC_20190812_09,920,1,Fault
FOC_20190812_09,921,1,Fault
FOC_20190812_09,922,1,Fault
FOC_20190812_09,923,1,Fault
FOC_20190812_09,924,1,Fault
FOC_20190812_09,925,1,Fault
FOC_20190812_09,926,1,Fault
FOC_20190812_09,927,1,Fault
FOC_20190812_09,928,1,Fault
FOC_20190812_09,929,1,Fault
FOC_20190812_09,930,1,Fault
FOC_20190812_09,931,1,Fault
FOC_20190812_09,932,1,Fault
FOC_20190812_09,933,1,Fault
FOC_20190812_09,934,1,Fault
FOC_20190812_09,935,1,Fault
FOC_20190812_09,936,1,Fault
FOC_20190812_09,937,1,Fault
FOC_20190812_09,938,1,Fault
FOC_20190812_09,939,1,Fault
FOC_20190812_09,940,1,Fault
FOC_20190812_09,941,1,Fault
FOC_20190812_09,942,1,Fault
FOC_20190812_09,943,1,Fault
FOC_20190812_09,944,1,Fault
FOC_20190812_09,945,1,Fault
FOC_20190812_09,946,1,Fault
FOC_20190812_09,947,1,Fault
FOC_20190812_09,948,1,Fault
FOC_20190812_09,949,1,Fault
FOC_20190812_09,950,1,Fault
FOC_20190812_09,951,1,Fault
FOC_20190812_09,952,1,Fault
FOC_20190812_09,953,1,Fault
FOC_20190812_09,954,1,Fault
FOC_20190812_09,955,1,Fault
FOC_20190812_09,956,1,Fault
FOC_20190812_09,957,1,Fault
FOC_20190812_09,958,1,Fault
FOC_20190812_09,959,1,Fault
FOC_20190812_09,960,1,Fault
FOC_20190812_09,961,1,Fault
FOC_20190812_09,962,1,Fault
FOC_20190812_09,963,1,Fault
FOC_20190812_09,964,1,Fault
FOC_20190812_09,965,1,Fault
FOC_20190812_09,966,1,Fault
FOC_20190812_09,967,1,Fault
FOC_20190812_09,968,1,Fault
FOC_20190812_09,969,1,Fault
FOC_20190812_09,970,1,Fault
FOC_20190812_09,971,1,Fault
FOC_20190812_09,972,1,Fault
FOC_20190812_09,973,1,Fault
FOC_20190812_09,974,1,Fault
FOC_20190812_09,975,1,Fault
FOC_20190812_09,976,1,Fault
FOC_20190812_09,977,1,Fault
FOC_20190812_09,978,1,Fault
FOC_20190812_09,979,1,Fault
FOC_20190812_09,980,1,Fault
FOC_20190812_09,981,1,Fault
FOC_20190812_09,982,1,Fault
FOC_20190812_09,983,1,Fault
FOC_20190812_09,984,1,Fault
FOC_20190812_09,985,1,Fault
FOC_20190812_09,986,1,Fault
FOC_20190812_09,987,1,Fault
FOC_20190812_09,988,1,Fault
FOC_20190812_09,989,1,Fault
FOC_20190812_09,990,1,Fault
FOC_20190812_09,991,1,Fault
FOC_20190812_09,992,1,Fault
FOC_20190812_09,993,1,Fault
FOC_20190812_09,994,1,Fault
FOC_20190812_09,995,1,Fault
FOC_20190812_09,996,1,Fault
FOC_20190812_09,997,1,Fault
FOC_20190812_09,998,1,Fault
FOC_20190812_09,999,1,Fault
FOC_20190812_09,1000,1,Fault
FOC_20190812_09,1001,1,Fault
FOC_20190812_09,1002,1,Fault
FOC_20190812_09,1003,1,Fault
FOC_20190812_09,1004,1,Fault
FOC_20190812_09,1005,1,Fault
FOC_20190812_09,1006,1,Fault
FOC_20190812_09,1007,1,Fault
FOC_20190812_09,1008,1,Fault
FOC_20190812_09,1009,1,Fault
FOC_20190812_09,1010,1,Fault
FOC_20190812_09,1011,1,Fault
FOC_20190812_09,1012,1,Fault
FOC_20190812_09,1013,1,Fault
FOC_20190812_09,1014,1,Fault
FOC_20190812_09,1015,1,Fault
FOC_20190812_09,1016,1,Fault
FOC_20190812_09,1017,1,Fault
FOC_20190812_09,1018,1,Fault
FOC_20190812_09,1019,1,Fault
FOC_20190812_09,1020,1,Fault
FOC_20190812_09,1021,1,Fault
FOC_20190812_09,1022,1,Fault
FOC_20190812_09,1023,1,Fault
FOC_20190812_09,1024,1,Fault
FOC_20190812_09,1025,1,Fault
FOC_20190812_09,1026,1,Fault
FOC_20190812_09,1027,1,Fault
FOC_20190812_09,1028,1,Fault
FOC_20190812_09,1029,1,Fault
FOC_20190812_09,1030,1,Fault
FOC_20190812_09,1031,1,Fault
FOC_20190812_09,1032,1,Fault
FOC_20190812_09,1033,1,Fault
FOC_20190812_09,1034,1,Fault
FOC_20190812_09,1035,1,Fault
FOC_20190812_09,1036,1,Fault
FOC_20190812_09,1037,1,Fault
FOC_20190812_09,1038,1,Fault
FOC_20190812_09,1039,1,Fault
FOC_20190812_09,1040,1,Fault
FOC_20190812_09,1041,1,Fault
FOC_20190812_09,1042,1,Fault
FOC_20190812_09,1043,1,Fault
FOC_20190812_09,1044,1,Fault
FOC_20190812_09,1045,1,Fault
FOC_20190812_09,1046,1,Fault
FOC_20190812_09,1047,1,Fault
FOC_20190812_09,1048,1,Fault
FOC_20190812_09,1049,1,Fault
FOC_20190812_09,1050,1,Fault
FOC_20190812_09,1051,1,Fault
FOC_20190812_09,1052,1,Fault
FOC_20190812_09,1053,1,Fault
FOC_20190812_09,1054,1,Fault
FOC_20190812_09,1055,1,Fault
FOC_20190812_09,1056,1,Fault
FOC_20190812_09,1057,1,Fault
FOC_20190812_09,1058,1,Fault
FOC_20190812_09,1059,1,Fault
FOC_20190812_09,1060,1,Fault
FOC_20190812_09,1061,1,Fault
FOC_20190812_09,1062,1,Fault
FOC_20190812_09,1063,1,Fault
FOC_20190812_09,1064,1,Fault
FOC_20190812_09,1065,1,Fault
FOC_20190812_09,1066,1,Fault
FOC_20190812_09,1067,1,Fault
FOC_20190812_09,1068,1,Fault
FOC_20190812_09,1069,1,Fault
FOC_20190812_09,1070,1,Fault
FOC_20190812_09,1071,1,Fault
FOC_20190812_09,1072,1,Fault
FOC_20190812_09,1073,1,Fault
FOC_20190812_09,1074,1,Fault
FOC_20190812_09,1075,1,Fault
FOC_20190812_09,1076,1,Fault
FOC_20190812_09,1077,1,Fault
FOC_20190812_09,1078,1,Fault
FOC_20190812_09,1079,1,Fault
FOC_20190812_09,1080,1,Fault
FOC_20190812_09,1081,1,Fault
FOC_20190812_09,1082,1,Fault
FOC_20190812_09,1083,1,Fault
FOC_20190812_09,1084,1,Fault
FOC_20190812_09,1085,1,Fault
FOC_20190812_09,1086,1,Fault
FOC_20190812_09,1087,1,Fault
FOC_20190812_09,1088,1,Fault
FOC_20190812_09,1089,1,Fault
FOC_20190812_09,1090,1,Fault
FOC_20190812_09,1091,1,Fault
FOC_20190812_09,1092,1,Fault
FOC_20190812_09,1093,1,Fault
FOC_20190812_09,1094,1,Fault
FOC_20190812_09,1095,1,Fault
FOC_20190812_09,1096,1,Fault
FOC_20190812_09,1097,1,Fault
FOC_20190812_09,1098,1,Fault
FOC_20190812_09,1099,1,Fault
FOC_20190812_09,1100,1,Fault
FOC_20190812_09,1101,1,Fault
FOC_20190812_09,1102,1,Fault
FOC_20190812_09,1103,1,Fault
FOC_20190812_09,1104,1,Fault
FOC_20190812_09,1105,1,Fault
FOC_20190812_09,1106,1,Fault
FOC_20190812_09,1107,1,Fault
FOC_20190812_09,1108,1,Fault
FOC_20190812_09,1109,1,Fault
FOC_20190812_09,1110,1,Fault
FOC_20190812_09,1111,1,Fault
FOC_20190812_09,1112,1,Fault
FOC_20190812_09,1113,1,Fault
FOC_20190812_09,1114,1,Fault
FOC_20190812_09,1115,1,Fault
FOC_20190812_09,1116,1,Fault
FOC_20190812_09,1117,1,Fault
FOC_20190812_09,1118,1,Fault
FOC_20190812_09,1119,1,Fault
FOC_20190812_09,1120,1,Fault
FOC_20190812_09,1121,1,Fault
FOC_20190812_09,1122,1,Fault
FOC_20190812_09,1123,1,Fault
FOC_20190812_09,1124,1,Fault
FOC_20190812_09,1125,1,Fault
FOC_20190812_09,1126,1,Fault
FOC_20190812_09,1127,1,Fault
FOC_20190812_09,1128,1,Fault
FOC_20190812_09,1129,1,Fault
FOC_20190812_09,1130,1,Fault
FOC_20190812_09,1131,1,Fault
FOC_20190812_09,1132,1,Fault
FOC_20190812_09,1133,1,Fault
FOC_20190812_09,1134,1,Fault
FOC_20190812_09,1135,1,Fault
FOC_20190812_09,1136,1,Fault
FOC_20190812_09,1137,1,Fault
FOC_20190812_09,1138,1,Fault
FOC_20190812_09,1139,1,Fault
FOC_20190812_09,1140,1,Fault
FOC_20190812_09,1141,1,Fault
FOC_20190812_09,1142,1,Fault
FOC_20190812_09,1143,1,Fault
FOC_20190812_09,1144,1,Fault
FOC_20190812_09,1145,1,Fault
FOC_20190812_09,1146,1,Fault
FOC_20190812_09,1147,1,Fault
FOC_20190812_09,1148,1,Fault
FOC_20190812_09,1149,1,Fault
FOC_20190812_09,1150,1,Fault
FOC_20190812_09,1151,1,Fault
FOC_20190812_09,1152,1,Fault
FOC_20190812_09,1153,1,Fault
FOC_20190812_09,1154,1,Fault
FOC_20190812_09,1155,1,Fault
FOC_20190812_09,1156,1,Fault
FOC_20190812_09,1157,1,Fault
FOC_20190812_09,1158,1,Fault
FOC_20190812_09,1159,1,Fault
FOC_20190812_09,1160,1,Fault
FOC_20190812_09,1161,1,Fault
FOC_20190812_09,1162,1,Fault
FOC_20190812_09,1163,1,Fault
FOC_20190812_09,1164,1,Fault
FOC_20190812_09,1165,1,Fault
FOC_20190812_09,1166,1,Fault
FOC_20190812_09,1167,1,Fault
FOC_20190812_09,1168,1,Fault
FOC_20190812_09,1169,1,Fault
FOC_20190812_09,1170,1,Fault
FOC_20190812_09,1171,1,Fault
FOC_20190812_09,1172,1,Fault
FOC_20190812_09,1173,1,Fault
FOC_20190812_09,1174,1,Fault
FOC_20190812_09,1175,1,Fault
FOC_20190812_09,1176,1,Fault
FOC_20190812_09,1177,1,Fault
FOC_20190812_09,1178,1,Fault
FOC_20190812_09,1179,1,Fault
FOC_20190812_09,1180,1,Fault
FOC_20190812_09,1181,1,Fault
FOC_20190812_09,1182,1,Fault
FOC_20190812_09,1183,1,Fault
FOC_20190812_09,1184,1,Fault
FOC_20190812_09,1185,1,Fault
FOC_20190812_09,1186,1,Fault
FOC_20190812_09,1187,1,Fault
FOC_20190812_09,1188,1,Fault
FOC_20190812_09,1189,1,Fault
FOC_20190812_09,1190,1,Fault
FOC_20190812_09,1191,1,Fault
FOC_20190812_09,1192,1,Fault
FOC_20190812_09,1193,1,Fault
FOC_20190812_09,1194,1,Fault
FOC_20190812_09,1195,1,Fault
FOC_20190812_09,1196,1,Fault
FOC_20190812_09,1197,1,Fault
FOC_20190812_09,1198,1,Fault
